id,age,job,marital,education,default,housing,loan,contact,month,day_of_week,duration,campaign,pdays,previous,poutcome,emp.var.rate,cons.price.idx,cons.conf.idx,euribor3m,nr.employed
0,36,technician,divorced,professional.course,no,no,no,cellular,may,thu,31,1,999,0,nonexistent,-1.8,92.893,-46.2,1.327,5099.1
1,34,admin.,married,university.degree,no,no,no,telephone,sep,fri,290,2,999,0,nonexistent,-3.4,92.379,-29.8,0.773,5017.5
2,46,self-employed,married,university.degree,no,no,no,cellular,aug,wed,696,3,999,0,nonexistent,1.4,93.444,-36.1,4.964,5228.1
3,36,admin.,single,high.school,no,no,no,cellular,may,thu,42,2,999,1,failure,-1.8,92.893,-46.2,1.327,5099.1
4,36,blue-collar,married,unknown,unknown,no,no,telephone,jun,wed,456,3,999,0,nonexistent,1.4,94.465,-41.8,4.958,5228.1
5,54,admin.,divorced,university.degree,no,no,no,telephone,may,wed,1689,4,999,0,nonexistent,1.1,93.994,-36.4,4.856,5191
6,48,technician,divorced,professional.course,no,yes,no,telephone,jul,wed,216,7,999,0,nonexistent,1.4,93.918,-42.7,4.963,5228.1
7,44,admin.,married,university.degree,yes,no,no,telephone,jun,mon,78,3,999,0,nonexistent,1.4,94.465,-41.8,4.961,5228.1
8,36,admin.,single,illiterate,no,yes,no,cellular,may,tue,67,2,999,0,nonexistent,-1.8,92.893,-46.2,1.344,5099.1
9,32,admin.,single,high.school,no,no,yes,telephone,nov,thu,329,1,999,0,nonexistent,-0.1,93.2,-42,4.076,5195.8
10,36,services,married,high.school,unknown,no,no,cellular,jul,wed,79,3,999,0,nonexistent,1.4,93.918,-42.7,4.963,5228.1
11,32,services,married,high.school,no,no,no,telephone,may,tue,162,1,999,0,nonexistent,1.1,93.994,-36.4,4.857,5191
12,23,management,single,university.degree,no,yes,no,cellular,apr,tue,56,2,999,0,nonexistent,-1.8,93.075,-47.1,1.384,5099.1
13,48,admin.,married,high.school,no,no,no,telephone,may,mon,357,1,999,0,nonexistent,1.1,93.994,-36.4,4.857,5191
14,26,technician,single,basic.9y,no,yes,no,telephone,may,wed,139,3,999,0,nonexistent,1.1,93.994,-36.4,4.856,5191
15,22,student,single,basic.9y,no,no,no,cellular,oct,fri,221,2,6,1,success,-3.4,92.431,-26.9,0.73,5017.5
16,37,technician,married,professional.course,no,yes,no,telephone,may,thu,175,2,999,0,nonexistent,1.1,93.994,-36.4,4.86,5191
17,30,blue-collar,married,basic.9y,no,yes,no,telephone,jun,thu,52,1,999,0,nonexistent,1.4,94.465,-41.8,4.866,5228.1
18,52,housemaid,married,basic.4y,unknown,no,no,cellular,aug,mon,149,3,999,0,nonexistent,1.4,93.444,-36.1,4.963,5228.1
19,47,blue-collar,married,high.school,unknown,no,no,telephone,may,fri,140,1,999,0,nonexistent,1.1,93.994,-36.4,4.859,5191
20,39,entrepreneur,married,high.school,unknown,no,yes,telephone,may,wed,173,7,999,0,nonexistent,1.1,93.994,-36.4,4.859,5191
21,37,technician,married,professional.course,no,no,no,cellular,jul,fri,127,3,999,0,nonexistent,1.4,93.918,-42.7,4.957,5228.1
22,31,blue-collar,married,basic.9y,no,unknown,unknown,cellular,jul,fri,135,3,999,0,nonexistent,1.4,93.918,-42.7,4.959,5228.1
23,38,admin.,single,university.degree,no,no,no,cellular,jun,tue,103,1,999,0,nonexistent,-2.9,92.963,-40.8,1.099,5076.2
24,29,admin.,married,high.school,no,yes,no,cellular,may,thu,798,2,999,0,nonexistent,-1.8,92.893,-46.2,1.327,5099.1
25,56,management,divorced,university.degree,unknown,no,no,cellular,jul,thu,245,2,999,0,nonexistent,1.4,93.918,-42.7,4.962,5228.1
26,31,admin.,married,university.degree,no,yes,no,cellular,aug,thu,95,1,999,0,nonexistent,1.4,93.444,-36.1,4.964,5228.1
27,31,admin.,single,university.degree,no,no,no,cellular,aug,tue,265,1,4,3,success,-2.9,92.201,-31.4,0.883,5076.2
28,42,blue-collar,married,basic.4y,unknown,yes,no,telephone,may,mon,128,5,999,0,nonexistent,1.1,93.994,-36.4,4.857,5191
29,34,entrepreneur,married,university.degree,no,no,yes,cellular,apr,fri,77,3,999,0,nonexistent,-1.8,93.075,-47.1,1.405,5099.1
30,30,admin.,single,high.school,no,yes,no,telephone,jul,fri,253,1,999,0,nonexistent,1.4,93.918,-42.7,4.959,5228.1
31,46,admin.,divorced,university.degree,unknown,no,no,telephone,may,wed,93,1,999,0,nonexistent,1.1,93.994,-36.4,4.856,5191
32,32,admin.,single,university.degree,no,no,no,cellular,nov,thu,40,1,999,0,nonexistent,-0.1,93.2,-42,4.076,5195.8
33,41,technician,single,professional.course,unknown,yes,no,cellular,nov,tue,68,2,4,1,success,-0.1,93.2,-42,4.153,5195.8
34,46,services,divorced,basic.9y,no,yes,no,cellular,may,wed,403,1,999,1,failure,-1.8,92.893,-46.2,1.334,5099.1
35,37,blue-collar,married,basic.6y,no,yes,no,telephone,jul,wed,208,8,999,0,nonexistent,1.4,93.918,-42.7,4.957,5228.1
36,27,student,single,unknown,unknown,yes,no,cellular,apr,thu,458,1,999,0,nonexistent,-1.8,93.075,-47.1,1.365,5099.1
37,22,student,single,high.school,no,no,no,cellular,may,tue,245,2,999,2,failure,-1.8,92.893,-46.2,1.266,5099.1
38,41,management,married,basic.9y,no,no,no,cellular,nov,thu,329,2,999,0,nonexistent,-0.1,93.2,-42,4.076,5195.8
39,55,admin.,divorced,university.degree,no,no,no,cellular,jul,thu,119,1,999,0,nonexistent,1.4,93.918,-42.7,4.968,5228.1
40,31,blue-collar,married,basic.9y,no,unknown,unknown,telephone,may,mon,73,1,999,0,nonexistent,1.1,93.994,-36.4,4.858,5191
41,35,admin.,married,high.school,no,yes,no,telephone,may,thu,228,3,999,0,nonexistent,1.1,93.994,-36.4,4.86,5191
42,24,technician,married,professional.course,no,yes,no,cellular,may,thu,99,4,999,0,nonexistent,-1.8,92.893,-46.2,1.266,5099.1
43,69,retired,divorced,professional.course,no,yes,no,telephone,jun,fri,359,5,999,0,nonexistent,-1.7,94.055,-39.8,0.748,4991.6
44,37,admin.,married,high.school,no,no,no,cellular,may,thu,176,1,999,0,nonexistent,-1.8,92.893,-46.2,1.327,5099.1
45,26,admin.,single,university.degree,no,no,yes,cellular,jun,fri,91,2,6,1,success,-1.7,94.055,-39.8,0.732,4991.6
46,48,blue-collar,married,basic.4y,no,yes,no,telephone,may,wed,504,1,999,0,nonexistent,1.1,93.994,-36.4,4.858,5191
47,43,unknown,married,high.school,unknown,no,no,telephone,may,wed,463,1,999,0,nonexistent,1.1,93.994,-36.4,4.856,5191
48,43,entrepreneur,married,university.degree,no,no,yes,telephone,may,wed,363,4,999,0,nonexistent,1.1,93.994,-36.4,4.857,5191
49,31,services,single,high.school,no,yes,no,telephone,may,thu,543,12,999,0,nonexistent,1.1,93.994,-36.4,4.86,5191
50,29,admin.,single,university.degree,no,no,yes,cellular,aug,mon,119,6,999,0,nonexistent,1.4,93.444,-36.1,4.963,5228.1
51,45,management,married,university.degree,no,no,no,cellular,nov,tue,633,2,999,0,nonexistent,-0.1,93.2,-42,4.153,5195.8
52,33,admin.,married,university.degree,no,yes,no,telephone,jun,wed,305,10,999,0,nonexistent,1.4,94.465,-41.8,4.959,5228.1
53,52,entrepreneur,married,basic.9y,no,unknown,unknown,telephone,nov,mon,147,1,999,1,failure,-0.1,93.2,-42,4.191,5195.8
54,34,services,married,high.school,unknown,no,no,telephone,may,wed,48,1,999,0,nonexistent,1.1,93.994,-36.4,4.859,5191
55,46,blue-collar,single,basic.4y,no,no,no,telephone,may,thu,218,2,999,0,nonexistent,1.1,93.994,-36.4,4.86,5191
56,45,blue-collar,married,basic.9y,unknown,no,no,telephone,may,tue,107,2,999,0,nonexistent,1.1,93.994,-36.4,4.856,5191
57,42,technician,married,professional.course,unknown,no,no,telephone,may,tue,166,4,999,0,nonexistent,1.1,93.994,-36.4,4.856,5191
58,55,blue-collar,married,basic.4y,unknown,unknown,unknown,telephone,jun,fri,32,4,999,0,nonexistent,1.4,94.465,-41.8,4.959,5228.1
59,49,services,married,high.school,no,yes,no,cellular,aug,tue,197,1,999,0,nonexistent,1.4,93.444,-36.1,4.968,5228.1
60,32,technician,single,university.degree,no,yes,yes,cellular,aug,tue,231,3,999,0,nonexistent,1.4,93.444,-36.1,4.963,5228.1
61,42,technician,married,professional.course,no,yes,no,cellular,aug,wed,543,1,999,0,nonexistent,1.4,93.444,-36.1,4.964,5228.1
62,53,technician,divorced,university.degree,no,yes,no,telephone,may,wed,206,1,999,0,nonexistent,1.1,93.994,-36.4,4.857,5191
63,36,technician,married,professional.course,no,no,no,cellular,aug,tue,205,5,999,0,nonexistent,1.4,93.444,-36.1,4.965,5228.1
64,45,management,married,professional.course,no,yes,no,cellular,nov,thu,619,3,999,0,nonexistent,-0.1,93.2,-42,4.076,5195.8
65,34,technician,married,professional.course,no,no,no,telephone,jun,thu,168,8,999,0,nonexistent,1.4,94.465,-41.8,4.958,5228.1
66,32,admin.,single,high.school,no,no,yes,cellular,may,fri,284,15,999,0,nonexistent,-1.8,92.893,-46.2,1.25,5099.1
67,43,blue-collar,married,basic.4y,unknown,no,no,telephone,may,thu,263,2,999,0,nonexistent,1.1,93.994,-36.4,4.855,5191
68,38,admin.,single,unknown,unknown,no,no,telephone,jun,tue,681,2,999,0,nonexistent,1.4,94.465,-41.8,4.961,5228.1
69,40,admin.,married,university.degree,unknown,yes,no,telephone,may,mon,142,1,999,0,nonexistent,1.1,93.994,-36.4,4.857,5191
70,56,admin.,single,university.degree,no,yes,no,cellular,mar,wed,175,1,999,1,failure,-1.8,93.369,-34.8,0.634,5008.7
71,50,self-employed,married,university.degree,no,no,no,cellular,aug,thu,273,1,999,0,nonexistent,1.4,93.444,-36.1,4.963,5228.1
72,45,admin.,married,university.degree,no,no,yes,cellular,nov,wed,158,1,999,1,failure,-3.4,92.649,-30.1,0.715,5017.5
73,36,technician,single,professional.course,no,yes,no,cellular,jun,fri,126,2,3,1,success,-2.9,92.963,-40.8,1.268,5076.2
74,44,blue-collar,married,basic.6y,no,no,no,cellular,aug,wed,128,2,999,0,nonexistent,1.4,93.444,-36.1,4.965,5228.1
75,45,unemployed,married,basic.9y,no,yes,no,cellular,nov,thu,454,5,999,0,nonexistent,-0.1,93.2,-42,4.076,5195.8
76,37,admin.,married,basic.9y,no,yes,no,cellular,may,tue,24,7,999,0,nonexistent,-1.8,92.893,-46.2,1.344,5099.1
77,48,blue-collar,divorced,high.school,unknown,no,yes,telephone,jul,mon,716,3,999,0,nonexistent,1.4,93.918,-42.7,4.962,5228.1
78,30,admin.,married,university.degree,unknown,yes,no,cellular,aug,mon,142,2,999,0,nonexistent,1.4,93.444,-36.1,4.963,5228.1
79,36,admin.,married,university.degree,no,yes,yes,cellular,jun,fri,427,1,4,4,success,-1.7,94.055,-39.8,0.748,4991.6
80,38,technician,single,university.degree,no,yes,no,cellular,apr,fri,351,1,999,1,failure,-1.8,93.075,-47.1,1.405,5099.1
81,33,admin.,married,high.school,no,no,no,cellular,may,thu,350,2,999,0,nonexistent,-1.8,92.893,-46.2,1.266,5099.1
82,27,services,single,university.degree,no,yes,no,cellular,mar,mon,111,3,999,0,nonexistent,-1.8,93.369,-34.8,0.652,5008.7
83,35,blue-collar,married,basic.6y,no,yes,no,cellular,may,thu,429,2,999,1,failure,-1.8,92.893,-46.2,1.327,5099.1
84,40,admin.,married,high.school,no,yes,yes,cellular,oct,wed,73,1,999,0,nonexistent,-3.4,92.431,-26.9,0.724,5017.5
85,45,blue-collar,married,basic.4y,no,yes,no,cellular,aug,tue,198,1,999,0,nonexistent,1.4,93.444,-36.1,4.968,5228.1
86,43,technician,single,professional.course,unknown,unknown,unknown,cellular,nov,thu,157,3,999,0,nonexistent,-0.1,93.2,-42,4.076,5195.8
87,38,admin.,single,university.degree,no,yes,no,cellular,apr,mon,285,1,999,1,failure,-1.8,93.075,-47.1,1.405,5099.1
88,26,unemployed,married,high.school,no,yes,no,telephone,may,mon,107,2,999,0,nonexistent,1.1,93.994,-36.4,4.858,5191
89,30,blue-collar,married,basic.4y,unknown,no,no,telephone,may,fri,142,3,999,1,failure,-1.8,92.893,-46.2,1.313,5099.1
90,48,entrepreneur,married,university.degree,no,yes,no,cellular,apr,thu,126,3,999,0,nonexistent,-1.8,93.075,-47.1,1.365,5099.1
91,48,services,married,basic.6y,unknown,no,no,cellular,aug,fri,164,1,999,0,nonexistent,1.4,93.444,-36.1,4.963,5228.1
92,42,technician,divorced,basic.9y,no,no,no,telephone,may,tue,474,1,999,0,nonexistent,1.1,93.994,-36.4,4.857,5191
93,50,self-employed,divorced,university.degree,unknown,yes,no,cellular,jul,mon,433,4,999,0,nonexistent,1.4,93.918,-42.7,4.962,5228.1
94,55,blue-collar,married,basic.4y,no,yes,no,telephone,jul,tue,92,1,999,0,nonexistent,1.4,93.918,-42.7,4.955,5228.1
95,33,admin.,married,high.school,no,no,yes,cellular,may,thu,147,1,999,1,failure,-1.8,92.893,-46.2,1.327,5099.1
96,52,blue-collar,married,basic.9y,no,unknown,unknown,cellular,aug,wed,70,2,999,0,nonexistent,1.4,93.444,-36.1,4.964,5228.1
97,32,blue-collar,married,unknown,no,no,no,cellular,may,fri,76,2,999,0,nonexistent,-1.8,92.893,-46.2,1.25,5099.1
98,68,retired,divorced,high.school,no,yes,yes,cellular,jul,wed,340,1,3,1,success,-1.7,94.215,-40.3,0.896,4991.6
99,32,services,married,basic.9y,no,yes,no,telephone,jul,wed,71,3,999,0,nonexistent,1.4,93.918,-42.7,4.963,5228.1
100,37,admin.,married,university.degree,unknown,yes,no,telephone,may,mon,113,3,999,0,nonexistent,1.1,93.994,-36.4,4.857,5191
101,28,blue-collar,single,basic.9y,no,unknown,unknown,telephone,may,tue,71,1,999,0,nonexistent,1.1,93.994,-36.4,4.856,5191
102,27,admin.,single,university.degree,no,yes,no,cellular,aug,fri,177,2,999,0,nonexistent,-1.7,94.027,-38.3,0.905,4991.6
103,33,entrepreneur,single,university.degree,no,no,no,cellular,may,thu,197,1,999,0,nonexistent,-1.8,92.893,-46.2,1.327,5099.1
104,57,blue-collar,married,basic.4y,no,no,no,telephone,may,mon,164,2,999,0,nonexistent,1.1,93.994,-36.4,4.857,5191
105,31,admin.,married,high.school,no,no,no,cellular,jul,thu,187,1,999,0,nonexistent,1.4,93.918,-42.7,4.968,5228.1
106,31,services,single,high.school,no,yes,no,telephone,jul,thu,42,5,999,0,nonexistent,1.4,93.918,-42.7,4.968,5228.1
107,34,blue-collar,married,basic.9y,no,yes,no,cellular,may,mon,273,5,999,0,nonexistent,-1.8,92.893,-46.2,1.299,5099.1
108,28,services,married,unknown,no,yes,no,telephone,may,wed,260,2,999,0,nonexistent,1.1,93.994,-36.4,4.859,5191
109,36,management,single,university.degree,no,no,no,cellular,jul,wed,101,7,999,0,nonexistent,1.4,93.918,-42.7,4.957,5228.1
110,60,unknown,married,university.degree,no,yes,no,telephone,jun,mon,112,1,999,0,nonexistent,1.4,94.465,-41.8,4.961,5228.1
111,60,retired,married,high.school,unknown,yes,no,telephone,jul,fri,297,2,999,0,nonexistent,1.4,93.918,-42.7,4.962,5228.1
112,32,admin.,single,high.school,no,yes,no,telephone,may,tue,54,4,999,0,nonexistent,1.1,93.994,-36.4,4.857,5191
113,32,unemployed,single,university.degree,no,no,no,cellular,may,thu,213,1,999,1,failure,-1.8,92.893,-46.2,1.327,5099.1
114,41,technician,married,basic.9y,no,yes,no,telephone,may,thu,347,1,999,0,nonexistent,1.1,93.994,-36.4,4.86,5191
115,57,retired,married,professional.course,no,yes,no,telephone,aug,wed,96,4,999,0,nonexistent,1.4,93.444,-36.1,4.964,5228.1
116,52,entrepreneur,married,basic.9y,no,yes,yes,telephone,apr,mon,67,5,999,0,nonexistent,-1.8,93.075,-47.1,1.405,5099.1
117,35,blue-collar,married,basic.6y,unknown,yes,no,telephone,may,thu,224,2,999,0,nonexistent,1.1,93.994,-36.4,4.855,5191
118,42,services,married,high.school,no,yes,yes,telephone,jun,fri,26,1,999,0,nonexistent,1.4,94.465,-41.8,4.967,5228.1
119,28,blue-collar,single,basic.9y,unknown,yes,no,cellular,may,fri,219,6,999,0,nonexistent,-1.8,92.893,-46.2,1.25,5099.1
120,50,blue-collar,married,basic.4y,unknown,yes,no,cellular,aug,fri,249,1,999,0,nonexistent,1.4,93.444,-36.1,4.966,5228.1
121,59,admin.,married,university.degree,no,no,yes,telephone,may,fri,186,1,999,0,nonexistent,1.1,93.994,-36.4,4.855,5191
122,44,technician,divorced,professional.course,no,no,no,cellular,may,thu,569,1,999,1,failure,-1.8,92.893,-46.2,1.327,5099.1
123,41,management,single,basic.9y,no,no,no,cellular,may,tue,381,1,999,1,failure,-1.8,92.893,-46.2,1.344,5099.1
124,36,admin.,married,university.degree,no,yes,no,cellular,jul,wed,570,2,999,0,nonexistent,1.4,93.918,-42.7,4.962,5228.1
125,32,blue-collar,married,basic.9y,no,no,no,cellular,apr,fri,334,2,999,0,nonexistent,-1.8,93.075,-47.1,1.405,5099.1
126,32,management,married,university.degree,no,no,no,telephone,may,fri,159,3,999,0,nonexistent,1.1,93.994,-36.4,4.857,5191
127,34,management,married,university.degree,no,no,no,telephone,may,thu,187,3,999,0,nonexistent,1.1,93.994,-36.4,4.86,5191
128,42,blue-collar,married,basic.4y,unknown,yes,no,cellular,nov,tue,586,2,999,0,nonexistent,-0.1,93.2,-42,4.153,5195.8
129,56,services,married,basic.4y,unknown,yes,yes,cellular,nov,fri,119,1,999,1,failure,-0.1,93.2,-42,4.021,5195.8
130,42,services,married,high.school,no,no,yes,telephone,jun,mon,230,3,999,0,nonexistent,1.4,94.465,-41.8,4.961,5228.1
131,40,management,married,university.degree,unknown,no,no,cellular,may,thu,190,2,999,0,nonexistent,-1.8,92.893,-46.2,1.266,5099.1
132,33,services,married,basic.4y,no,no,no,telephone,may,mon,229,3,999,0,nonexistent,1.1,93.994,-36.4,4.857,5191
133,54,management,married,university.degree,no,no,yes,cellular,aug,wed,990,1,999,0,nonexistent,1.4,93.444,-36.1,4.965,5228.1
134,32,student,single,university.degree,no,yes,no,cellular,apr,mon,712,4,999,0,nonexistent,-1.8,93.075,-47.1,1.405,5099.1
135,26,admin.,single,university.degree,no,yes,no,cellular,may,mon,365,5,999,0,nonexistent,-1.8,92.893,-46.2,1.264,5099.1
136,31,admin.,single,university.degree,no,yes,no,cellular,aug,wed,375,1,999,0,nonexistent,1.4,93.444,-36.1,4.967,5228.1
137,36,admin.,married,high.school,no,unknown,unknown,cellular,jul,fri,191,1,999,0,nonexistent,1.4,93.918,-42.7,4.957,5228.1
138,33,admin.,married,university.degree,no,yes,yes,cellular,may,thu,444,1,999,0,nonexistent,-1.8,92.893,-46.2,1.266,5099.1
139,46,admin.,married,basic.9y,no,unknown,unknown,cellular,sep,fri,490,3,999,4,failure,-1.1,94.199,-37.5,0.883,4963.6
140,56,services,divorced,high.school,unknown,yes,no,telephone,jun,mon,13,1,999,0,nonexistent,1.4,94.465,-41.8,4.96,5228.1
141,53,management,married,basic.4y,unknown,no,no,telephone,may,wed,528,2,999,0,nonexistent,1.1,93.994,-36.4,4.857,5191
142,29,technician,single,high.school,no,yes,no,cellular,aug,wed,212,3,999,0,nonexistent,1.4,93.444,-36.1,4.965,5228.1
143,40,technician,single,university.degree,no,no,yes,cellular,aug,fri,140,7,999,0,nonexistent,1.4,93.444,-36.1,4.964,5228.1
144,41,technician,married,professional.course,no,yes,no,cellular,apr,fri,51,6,999,0,nonexistent,-1.8,93.075,-47.1,1.405,5099.1
145,45,self-employed,married,basic.4y,no,yes,yes,cellular,aug,thu,266,2,999,0,nonexistent,1.4,93.444,-36.1,4.968,5228.1
146,32,blue-collar,married,basic.9y,no,yes,no,telephone,jun,fri,123,3,999,0,nonexistent,1.4,94.465,-41.8,4.959,5228.1
147,38,blue-collar,married,basic.9y,no,no,no,cellular,jul,fri,610,1,999,0,nonexistent,1.4,93.918,-42.7,4.957,5228.1
148,39,unemployed,single,basic.9y,no,yes,no,telephone,may,mon,846,2,999,0,nonexistent,-1.8,92.893,-46.2,1.354,5099.1
149,38,entrepreneur,divorced,basic.9y,no,yes,no,cellular,nov,wed,71,5,999,0,nonexistent,-0.1,93.2,-42,4.12,5195.8
150,46,unknown,married,basic.4y,unknown,no,no,telephone,may,fri,232,1,999,0,nonexistent,1.1,93.994,-36.4,4.855,5191
151,56,blue-collar,married,basic.4y,unknown,yes,no,telephone,jun,mon,52,3,999,0,nonexistent,1.4,94.465,-41.8,4.961,5228.1
152,41,technician,single,professional.course,no,yes,no,telephone,may,fri,103,1,999,0,nonexistent,1.1,93.994,-36.4,4.859,5191
153,42,management,married,university.degree,no,no,no,telephone,may,wed,109,3,999,0,nonexistent,1.1,93.994,-36.4,4.857,5191
154,32,blue-collar,married,basic.6y,unknown,no,yes,telephone,jul,fri,191,2,999,0,nonexistent,1.4,93.918,-42.7,4.959,5228.1
155,48,technician,married,high.school,no,no,no,telephone,may,thu,418,8,999,0,nonexistent,1.1,93.994,-36.4,4.86,5191
156,35,blue-collar,married,basic.9y,no,no,no,telephone,may,mon,91,2,999,0,nonexistent,1.1,93.994,-36.4,4.857,5191
157,56,management,married,university.degree,unknown,no,no,telephone,may,tue,191,1,999,0,nonexistent,1.1,93.994,-36.4,4.857,5191
158,47,admin.,married,university.degree,no,yes,no,cellular,nov,fri,127,2,999,0,nonexistent,-0.1,93.2,-42,4.021,5195.8
159,35,services,divorced,basic.9y,no,yes,no,telephone,jul,tue,124,1,999,0,nonexistent,1.4,93.918,-42.7,4.961,5228.1
160,36,technician,married,university.degree,no,yes,no,cellular,may,mon,219,2,999,0,nonexistent,-1.8,92.893,-46.2,1.299,5099.1
161,39,blue-collar,single,basic.4y,unknown,yes,no,cellular,jul,thu,6,12,999,0,nonexistent,1.4,93.918,-42.7,4.968,5228.1
162,55,technician,married,professional.course,no,yes,no,cellular,oct,tue,182,1,999,0,nonexistent,-3.4,92.431,-26.9,0.742,5017.5
163,53,admin.,married,university.degree,unknown,yes,no,telephone,may,fri,231,2,999,0,nonexistent,1.1,93.994,-36.4,4.855,5191
164,46,admin.,married,high.school,unknown,yes,no,telephone,may,fri,138,1,999,0,nonexistent,1.1,93.994,-36.4,4.857,5191
165,45,management,married,university.degree,no,no,no,telephone,may,fri,255,3,999,0,nonexistent,1.1,93.994,-36.4,4.859,5191
166,48,admin.,single,university.degree,no,yes,no,cellular,nov,wed,210,2,999,0,nonexistent,-0.1,93.2,-42,4.12,5195.8
167,39,management,divorced,university.degree,no,yes,no,cellular,nov,thu,10,6,999,1,failure,-0.1,93.2,-42,4.076,5195.8
168,29,technician,married,university.degree,no,no,no,telephone,may,fri,410,3,999,0,nonexistent,1.1,93.994,-36.4,4.859,5191
169,33,admin.,married,university.degree,no,no,no,cellular,aug,thu,137,5,999,0,nonexistent,1.4,93.444,-36.1,4.962,5228.1
170,46,blue-collar,married,basic.4y,unknown,yes,yes,cellular,nov,thu,60,2,999,0,nonexistent,-0.1,93.2,-42,4.076,5195.8
171,31,management,married,university.degree,no,yes,yes,cellular,aug,tue,199,1,999,0,nonexistent,1.4,93.444,-36.1,4.963,5228.1
172,32,admin.,married,high.school,no,no,no,cellular,mar,thu,115,2,999,0,nonexistent,-1.8,92.843,-50,1.757,5099.1
173,39,technician,single,university.degree,unknown,yes,no,cellular,jul,mon,333,4,999,0,nonexistent,1.4,93.918,-42.7,4.962,5228.1
174,33,self-employed,married,university.degree,no,no,no,cellular,jul,mon,299,3,999,0,nonexistent,1.4,93.918,-42.7,4.962,5228.1
175,57,management,divorced,university.degree,no,no,no,telephone,may,mon,222,2,999,0,nonexistent,1.1,93.994,-36.4,4.857,5191
176,29,admin.,single,high.school,no,unknown,unknown,cellular,may,fri,43,8,999,1,failure,-1.8,92.893,-46.2,1.25,5099.1
177,53,technician,married,professional.course,no,yes,no,cellular,nov,thu,322,1,999,0,nonexistent,-0.1,93.2,-42,4.076,5195.8
178,27,services,married,basic.6y,no,no,no,cellular,may,tue,142,2,999,1,failure,-1.8,92.893,-46.2,1.291,5099.1
179,47,entrepreneur,married,high.school,no,no,yes,cellular,apr,wed,663,2,999,0,nonexistent,-1.8,93.075,-47.1,1.445,5099.1
180,53,blue-collar,married,basic.9y,no,yes,no,telephone,jun,fri,13,5,999,0,nonexistent,1.4,94.465,-41.8,4.959,5228.1
181,30,student,single,high.school,no,no,no,cellular,aug,tue,592,3,999,1,failure,-1.7,94.027,-38.3,0.899,4991.6
182,43,management,married,unknown,no,yes,no,cellular,jul,wed,129,2,999,0,nonexistent,1.4,93.918,-42.7,4.963,5228.1
183,37,technician,married,professional.course,no,no,no,cellular,jun,mon,129,1,999,0,nonexistent,-2.9,92.963,-40.8,1.26,5076.2
184,39,services,married,high.school,no,no,no,telephone,may,thu,359,3,999,0,nonexistent,1.1,93.994,-36.4,4.86,5191
185,26,unemployed,single,basic.9y,no,no,yes,telephone,may,thu,546,8,999,0,nonexistent,1.1,93.994,-36.4,4.86,5191
186,37,admin.,married,high.school,unknown,no,no,cellular,may,mon,547,1,999,0,nonexistent,-1.8,92.893,-46.2,1.299,5099.1
187,44,management,married,basic.9y,unknown,no,no,telephone,may,wed,282,2,999,0,nonexistent,1.1,93.994,-36.4,4.857,5191
188,34,unemployed,married,high.school,no,no,no,cellular,jul,thu,284,2,999,0,nonexistent,1.4,93.918,-42.7,4.968,5228.1
189,34,technician,married,university.degree,no,yes,no,telephone,may,wed,396,1,999,0,nonexistent,1.1,93.994,-36.4,4.857,5191
190,28,services,married,high.school,no,yes,no,cellular,jul,tue,59,1,999,0,nonexistent,1.4,93.918,-42.7,4.962,5228.1
191,33,services,married,professional.course,no,yes,yes,cellular,aug,thu,331,1,999,0,nonexistent,1.4,93.444,-36.1,4.962,5228.1
192,49,blue-collar,married,basic.9y,unknown,yes,no,telephone,jul,tue,158,2,999,0,nonexistent,1.4,93.918,-42.7,4.955,5228.1
193,31,admin.,married,university.degree,no,yes,no,cellular,jul,wed,510,3,999,0,nonexistent,1.4,93.918,-42.7,4.957,5228.1
194,43,entrepreneur,married,high.school,no,no,yes,telephone,may,mon,127,2,999,0,nonexistent,1.1,93.994,-36.4,4.857,5191
195,42,management,married,university.degree,no,no,no,telephone,jun,wed,168,8,999,0,nonexistent,1.4,94.465,-41.8,4.958,5228.1
196,32,unemployed,single,university.degree,no,yes,no,cellular,may,wed,51,1,999,0,nonexistent,-1.8,92.893,-46.2,1.281,5099.1
197,33,technician,married,professional.course,no,yes,no,cellular,nov,thu,51,7,999,0,nonexistent,-0.1,93.2,-42,4.076,5195.8
198,45,unemployed,married,university.degree,no,no,no,telephone,may,tue,550,2,999,0,nonexistent,1.1,93.994,-36.4,4.856,5191
199,41,technician,divorced,university.degree,no,yes,no,cellular,aug,fri,252,1,999,1,failure,-1.7,94.027,-38.3,0.905,4991.6
200,41,admin.,married,university.degree,no,no,no,cellular,aug,tue,151,5,999,0,nonexistent,1.4,93.444,-36.1,4.963,5228.1
201,25,blue-collar,single,basic.4y,no,yes,no,telephone,may,fri,247,1,999,0,nonexistent,1.1,93.994,-36.4,4.855,5191
202,24,admin.,married,high.school,no,no,no,cellular,jul,tue,42,1,999,0,nonexistent,1.4,93.918,-42.7,4.962,5228.1
203,45,admin.,married,university.degree,no,no,no,telephone,may,thu,319,1,999,0,nonexistent,1.1,93.994,-36.4,4.855,5191
204,55,blue-collar,married,basic.4y,unknown,no,no,telephone,jul,thu,385,6,999,0,nonexistent,1.4,93.918,-42.7,4.966,5228.1
205,27,services,married,high.school,no,yes,no,cellular,jul,fri,110,1,999,0,nonexistent,1.4,93.918,-42.7,4.957,5228.1
206,53,management,married,university.degree,no,yes,yes,telephone,aug,fri,81,1,999,0,nonexistent,1.4,93.444,-36.1,4.963,5228.1
207,39,entrepreneur,married,high.school,no,unknown,unknown,telephone,jun,mon,440,3,999,0,nonexistent,1.4,94.465,-41.8,4.96,5228.1
208,51,unemployed,divorced,high.school,no,no,no,cellular,dec,thu,112,2,999,0,nonexistent,-3,92.713,-33,0.714,5023.5
209,33,blue-collar,single,basic.4y,no,yes,yes,cellular,apr,thu,460,1,999,0,nonexistent,-1.8,93.075,-47.1,1.365,5099.1
210,43,blue-collar,married,basic.9y,no,no,no,telephone,jun,thu,246,2,999,0,nonexistent,1.4,94.465,-41.8,4.866,5228.1
211,33,admin.,single,university.degree,no,yes,no,cellular,may,wed,9,8,999,0,nonexistent,-1.8,92.893,-46.2,1.281,5099.1
212,34,admin.,married,university.degree,no,no,no,telephone,jun,mon,230,4,999,0,nonexistent,1.4,94.465,-41.8,4.865,5228.1
213,54,blue-collar,married,basic.4y,no,yes,no,telephone,may,wed,62,5,999,0,nonexistent,1.1,93.994,-36.4,4.856,5191
214,55,blue-collar,single,basic.6y,no,yes,no,cellular,nov,tue,204,2,999,0,nonexistent,-0.1,93.2,-42,4.153,5195.8
215,60,admin.,single,high.school,no,no,yes,telephone,may,tue,474,2,999,0,nonexistent,1.1,93.994,-36.4,4.856,5191
216,32,services,married,professional.course,no,yes,no,cellular,may,tue,146,3,999,1,failure,-1.8,92.893,-46.2,1.291,5099.1
217,43,admin.,single,high.school,no,yes,no,cellular,sep,fri,212,1,999,0,nonexistent,-3.4,92.379,-29.8,0.773,5017.5
218,30,housemaid,married,high.school,unknown,no,no,telephone,may,thu,200,1,999,0,nonexistent,1.1,93.994,-36.4,4.855,5191
219,32,admin.,single,university.degree,no,no,no,cellular,aug,thu,59,2,999,0,nonexistent,1.4,93.444,-36.1,4.964,5228.1
220,57,retired,single,university.degree,no,yes,no,cellular,jul,fri,75,1,999,0,nonexistent,1.4,93.918,-42.7,4.957,5228.1
221,48,blue-collar,married,basic.4y,unknown,yes,no,cellular,aug,thu,240,1,999,0,nonexistent,1.4,93.444,-36.1,4.964,5228.1
222,28,admin.,single,high.school,unknown,yes,yes,cellular,may,thu,275,2,999,0,nonexistent,-1.8,92.893,-46.2,1.327,5099.1
223,34,technician,single,university.degree,no,yes,no,cellular,mar,mon,253,2,999,1,failure,-1.8,92.843,-50,1.52,5099.1
224,51,blue-collar,married,basic.4y,unknown,unknown,unknown,telephone,may,mon,212,1,999,0,nonexistent,1.1,93.994,-36.4,4.857,5191
225,58,technician,married,unknown,unknown,no,no,cellular,jul,wed,799,4,999,0,nonexistent,1.4,93.918,-42.7,4.963,5228.1
226,28,services,married,high.school,no,no,yes,cellular,may,fri,343,1,999,1,failure,-1.8,92.893,-46.2,1.313,5099.1
227,43,blue-collar,married,basic.9y,unknown,yes,no,cellular,jul,mon,24,3,999,0,nonexistent,1.4,93.918,-42.7,4.96,5228.1
228,41,services,divorced,basic.9y,no,yes,no,telephone,may,wed,189,3,999,0,nonexistent,1.1,93.994,-36.4,4.857,5191
229,35,admin.,married,high.school,no,yes,no,telephone,may,wed,157,2,999,0,nonexistent,1.1,93.994,-36.4,4.856,5191
230,31,management,single,university.degree,no,no,no,cellular,jul,wed,645,1,999,0,nonexistent,1.4,93.918,-42.7,4.962,5228.1
231,50,blue-collar,married,basic.4y,no,no,no,telephone,may,wed,233,3,999,0,nonexistent,1.1,93.994,-36.4,4.858,5191
232,28,admin.,single,university.degree,no,yes,no,cellular,apr,thu,280,1,999,0,nonexistent,-1.8,93.075,-47.1,1.365,5099.1
233,55,technician,divorced,university.degree,unknown,no,no,telephone,may,thu,216,7,999,0,nonexistent,1.1,93.994,-36.4,4.86,5191
234,34,technician,married,professional.course,no,yes,no,cellular,nov,tue,336,4,999,0,nonexistent,-3.4,92.649,-30.1,0.715,5017.5
235,46,admin.,single,university.degree,no,yes,no,cellular,aug,thu,82,1,999,0,nonexistent,1.4,93.444,-36.1,4.963,5228.1
236,41,blue-collar,married,basic.9y,no,no,yes,cellular,apr,fri,351,1,999,0,nonexistent,-1.8,93.075,-47.1,1.405,5099.1
237,40,entrepreneur,married,university.degree,no,no,no,cellular,may,mon,181,2,999,0,nonexistent,-1.8,92.893,-46.2,1.244,5099.1
238,40,blue-collar,married,basic.9y,unknown,yes,no,telephone,may,fri,242,3,999,0,nonexistent,1.1,93.994,-36.4,4.857,5191
239,50,blue-collar,married,high.school,unknown,no,no,cellular,apr,thu,339,1,999,0,nonexistent,-1.8,93.075,-47.1,1.435,5099.1
240,24,student,single,high.school,no,no,no,cellular,may,wed,669,1,999,1,failure,-1.8,92.893,-46.2,1.281,5099.1
241,39,blue-collar,married,basic.4y,no,no,no,cellular,may,mon,181,1,999,0,nonexistent,-1.8,92.893,-46.2,1.299,5099.1
242,38,technician,single,university.degree,no,no,no,cellular,apr,fri,301,2,999,0,nonexistent,-1.8,93.075,-47.1,1.405,5099.1
243,34,technician,married,university.degree,no,no,no,telephone,aug,thu,122,1,999,0,nonexistent,1.4,93.444,-36.1,4.964,5228.1
244,34,admin.,married,university.degree,no,yes,no,cellular,may,mon,915,2,999,0,nonexistent,-1.8,92.893,-46.2,1.264,5099.1
245,30,technician,single,university.degree,no,yes,no,telephone,jun,wed,263,1,999,2,failure,-1.7,94.055,-39.8,0.767,4991.6
246,30,blue-collar,married,basic.6y,unknown,yes,no,telephone,jun,tue,482,2,999,0,nonexistent,1.4,94.465,-41.8,4.864,5228.1
247,30,blue-collar,single,basic.6y,no,no,no,cellular,may,fri,92,4,999,1,failure,-1.8,92.893,-46.2,1.25,5099.1
248,37,admin.,married,high.school,no,no,no,telephone,may,tue,1106,4,999,0,nonexistent,1.1,93.994,-36.4,4.856,5191
249,29,management,single,basic.9y,no,yes,yes,cellular,jul,fri,351,2,999,0,nonexistent,1.4,93.918,-42.7,4.957,5228.1
250,46,admin.,single,university.degree,unknown,no,no,telephone,jun,tue,193,1,999,0,nonexistent,1.4,94.465,-41.8,4.864,5228.1
251,51,technician,married,university.degree,unknown,yes,yes,cellular,jul,wed,128,1,999,0,nonexistent,1.4,93.918,-42.7,4.962,5228.1
252,76,retired,married,basic.4y,no,yes,no,cellular,aug,fri,406,1,999,0,nonexistent,-2.9,92.201,-31.4,0.849,5076.2
253,42,management,married,university.degree,no,no,no,telephone,jun,wed,50,2,999,0,nonexistent,1.4,94.465,-41.8,4.962,5228.1
254,53,retired,married,high.school,no,no,no,telephone,apr,wed,44,1,999,0,nonexistent,-1.8,93.075,-47.1,1.415,5099.1
255,34,blue-collar,single,high.school,no,yes,no,cellular,nov,tue,117,1,999,0,nonexistent,-0.1,93.2,-42,4.153,5195.8
256,32,admin.,single,high.school,no,unknown,unknown,telephone,may,thu,155,2,999,0,nonexistent,1.1,93.994,-36.4,4.855,5191
257,34,unemployed,married,high.school,no,no,no,cellular,jul,fri,339,1,999,0,nonexistent,1.4,93.918,-42.7,4.959,5228.1
258,42,services,married,high.school,no,no,no,cellular,jul,thu,1153,4,999,0,nonexistent,1.4,93.918,-42.7,4.958,5228.1
259,32,admin.,single,university.degree,no,yes,no,cellular,dec,tue,449,2,999,0,nonexistent,-3,92.713,-33,0.707,5023.5
260,22,blue-collar,single,basic.9y,no,yes,no,telephone,may,tue,396,1,999,0,nonexistent,1.1,93.994,-36.4,4.856,5191
261,33,unemployed,divorced,basic.9y,no,yes,no,telephone,may,thu,180,2,999,0,nonexistent,1.1,93.994,-36.4,4.86,5191
262,35,technician,married,professional.course,no,yes,yes,cellular,jul,thu,77,3,999,0,nonexistent,1.4,93.918,-42.7,4.962,5228.1
263,25,blue-collar,married,basic.4y,no,no,no,cellular,jul,thu,420,2,999,0,nonexistent,1.4,93.918,-42.7,4.958,5228.1
264,43,blue-collar,married,basic.9y,unknown,no,no,telephone,may,tue,550,1,999,0,nonexistent,1.1,93.994,-36.4,4.857,5191
265,43,services,married,high.school,unknown,yes,no,telephone,may,fri,99,6,999,0,nonexistent,1.1,93.994,-36.4,4.864,5191
266,33,admin.,married,university.degree,no,no,no,telephone,may,mon,96,1,999,0,nonexistent,1.1,93.994,-36.4,4.857,5191
267,53,management,divorced,university.degree,no,yes,no,cellular,jun,mon,348,6,999,2,failure,-1.7,94.055,-39.8,0.754,4991.6
268,35,services,married,high.school,no,yes,no,cellular,aug,tue,126,1,999,0,nonexistent,1.4,93.444,-36.1,4.966,5228.1
269,59,retired,married,basic.4y,no,no,no,telephone,apr,tue,353,4,999,0,nonexistent,-1.8,93.075,-47.1,1.453,5099.1
270,34,technician,married,university.degree,no,yes,no,cellular,jul,fri,133,2,999,0,nonexistent,1.4,93.918,-42.7,4.962,5228.1
271,41,admin.,single,university.degree,no,yes,no,cellular,nov,thu,80,1,999,0,nonexistent,-0.1,93.2,-42,4.076,5195.8
272,34,admin.,divorced,university.degree,no,no,no,cellular,aug,wed,185,1,999,0,nonexistent,1.4,93.444,-36.1,4.965,5228.1
273,37,admin.,single,university.degree,no,yes,no,telephone,jun,mon,540,1,999,0,nonexistent,1.4,94.465,-41.8,4.961,5228.1
274,40,technician,married,professional.course,no,no,no,cellular,aug,tue,348,1,999,0,nonexistent,1.4,93.444,-36.1,4.968,5228.1
275,27,blue-collar,single,basic.9y,no,no,no,cellular,jul,thu,86,1,999,0,nonexistent,1.4,93.918,-42.7,4.958,5228.1
276,58,admin.,married,high.school,no,yes,no,cellular,may,wed,309,1,6,1,success,-1.8,93.876,-40,0.682,5008.7
277,49,admin.,married,university.degree,no,no,no,telephone,jun,wed,29,2,999,0,nonexistent,1.4,94.465,-41.8,4.864,5228.1
278,58,admin.,married,university.degree,no,yes,no,cellular,aug,fri,124,2,999,0,nonexistent,1.4,93.444,-36.1,4.966,5228.1
279,44,services,married,high.school,unknown,yes,yes,cellular,aug,fri,34,1,999,0,nonexistent,1.4,93.444,-36.1,4.966,5228.1
280,40,unemployed,divorced,university.degree,no,yes,no,cellular,jul,wed,18,1,999,0,nonexistent,1.4,93.918,-42.7,4.963,5228.1
281,55,blue-collar,married,basic.9y,no,no,no,telephone,may,thu,203,2,999,0,nonexistent,1.1,93.994,-36.4,4.86,5191
282,38,admin.,divorced,university.degree,no,yes,no,cellular,jul,tue,175,1,999,0,nonexistent,1.4,93.918,-42.7,4.962,5228.1
283,38,admin.,married,high.school,no,no,no,telephone,may,tue,213,3,999,0,nonexistent,1.1,93.994,-36.4,4.856,5191
284,39,technician,married,high.school,no,yes,no,cellular,jul,thu,1461,4,999,0,nonexistent,1.4,93.918,-42.7,4.968,5228.1
285,35,blue-collar,married,basic.6y,no,no,no,cellular,may,mon,249,1,999,0,nonexistent,-1.8,92.893,-46.2,1.299,5099.1
286,49,services,married,basic.4y,unknown,no,no,cellular,aug,mon,309,2,999,0,nonexistent,1.4,93.444,-36.1,4.963,5228.1
287,47,entrepreneur,married,university.degree,no,no,no,cellular,may,fri,376,2,999,0,nonexistent,-1.8,92.893,-46.2,1.25,5099.1
288,29,unemployed,single,university.degree,no,yes,no,telephone,jun,wed,201,2,999,0,nonexistent,1.4,94.465,-41.8,4.864,5228.1
289,35,technician,single,professional.course,no,yes,no,cellular,jul,tue,577,6,6,1,success,-1.7,94.215,-40.3,0.835,4991.6
290,26,student,single,high.school,no,yes,yes,cellular,apr,fri,888,1,6,2,success,-1.8,93.749,-34.6,0.645,5008.7
291,58,unemployed,single,basic.4y,unknown,no,no,telephone,jun,mon,170,6,999,0,nonexistent,1.4,94.465,-41.8,4.96,5228.1
292,34,services,divorced,high.school,no,yes,yes,cellular,may,fri,562,2,999,0,nonexistent,-1.8,92.893,-46.2,1.25,5099.1
293,59,admin.,divorced,university.degree,unknown,yes,yes,cellular,aug,mon,323,2,999,0,nonexistent,1.4,93.444,-36.1,4.965,5228.1
294,31,blue-collar,married,basic.9y,no,yes,no,telephone,jun,thu,91,1,999,0,nonexistent,1.4,94.465,-41.8,4.866,5228.1
295,25,technician,single,professional.course,no,yes,yes,telephone,may,fri,156,2,999,0,nonexistent,1.1,93.994,-36.4,4.855,5191
296,36,admin.,divorced,university.degree,unknown,yes,no,cellular,aug,mon,280,1,999,0,nonexistent,1.4,93.444,-36.1,4.963,5228.1
297,45,unknown,married,unknown,no,no,no,telephone,may,fri,633,1,999,0,nonexistent,1.1,93.994,-36.4,4.864,5191
298,47,technician,married,professional.course,no,no,no,cellular,nov,thu,93,3,999,0,nonexistent,-0.1,93.2,-42,4.076,5195.8
299,47,admin.,married,university.degree,no,unknown,unknown,cellular,aug,tue,225,2,999,0,nonexistent,1.4,93.444,-36.1,4.965,5228.1
300,29,admin.,single,university.degree,no,yes,yes,cellular,nov,thu,60,1,999,0,nonexistent,-0.1,93.2,-42,4.076,5195.8
301,27,admin.,married,high.school,no,yes,no,telephone,jul,wed,202,6,999,0,nonexistent,1.4,93.918,-42.7,4.957,5228.1
302,48,services,single,high.school,no,no,no,cellular,apr,fri,105,3,999,0,nonexistent,-1.8,93.075,-47.1,1.405,5099.1
303,30,self-employed,married,university.degree,no,yes,no,telephone,jul,wed,51,1,999,0,nonexistent,1.4,93.918,-42.7,4.957,5228.1
304,39,services,married,basic.9y,no,yes,no,cellular,nov,tue,51,1,999,0,nonexistent,-0.1,93.2,-42,4.153,5195.8
305,27,blue-collar,married,basic.9y,no,unknown,unknown,telephone,may,tue,169,2,999,0,nonexistent,1.1,93.994,-36.4,4.856,5191
306,41,admin.,married,high.school,no,yes,yes,telephone,jun,thu,204,4,999,0,nonexistent,1.4,94.465,-41.8,4.866,5228.1
307,41,technician,married,basic.6y,no,no,no,telephone,jun,thu,41,1,999,0,nonexistent,1.4,94.465,-41.8,4.866,5228.1
308,42,blue-collar,married,basic.4y,unknown,no,no,telephone,may,tue,267,3,999,0,nonexistent,1.1,93.994,-36.4,4.856,5191
309,37,admin.,married,high.school,no,no,no,cellular,jul,tue,106,1,999,0,nonexistent,-2.9,92.469,-33.6,1.044,5076.2
310,36,blue-collar,married,high.school,unknown,yes,no,cellular,jul,mon,150,4,999,0,nonexistent,1.4,93.918,-42.7,4.96,5228.1
311,40,technician,single,unknown,no,yes,no,telephone,jul,wed,145,2,999,0,nonexistent,1.4,93.918,-42.7,4.963,5228.1
312,45,technician,married,university.degree,unknown,yes,no,telephone,may,tue,122,1,999,0,nonexistent,1.1,93.994,-36.4,4.856,5191
313,34,services,married,high.school,no,no,no,telephone,may,tue,514,1,999,0,nonexistent,1.1,93.994,-36.4,4.857,5191
314,58,retired,married,university.degree,no,no,yes,telephone,may,tue,226,1,999,0,nonexistent,1.1,93.994,-36.4,4.856,5191
315,85,housemaid,divorced,basic.4y,unknown,yes,no,telephone,oct,fri,181,2,999,0,nonexistent,-3.4,92.431,-26.9,0.739,5017.5
316,56,management,divorced,high.school,no,no,no,telephone,may,tue,218,1,999,0,nonexistent,1.1,93.994,-36.4,4.857,5191
317,42,technician,divorced,basic.9y,no,yes,no,cellular,jul,tue,195,6,999,0,nonexistent,1.4,93.918,-42.7,4.962,5228.1
318,29,technician,married,professional.course,no,yes,no,cellular,aug,fri,94,1,999,0,nonexistent,1.4,93.444,-36.1,4.966,5228.1
319,60,services,married,high.school,unknown,no,no,cellular,aug,tue,73,1,999,0,nonexistent,1.4,93.444,-36.1,4.966,5228.1
320,31,admin.,single,high.school,no,no,no,cellular,apr,thu,252,1,5,1,success,-1.8,93.075,-47.1,1.365,5099.1
321,26,management,single,university.degree,no,no,no,cellular,may,thu,715,1,999,0,nonexistent,-1.8,92.893,-46.2,1.266,5099.1
322,45,housemaid,single,basic.4y,no,no,no,telephone,sep,mon,569,4,999,0,nonexistent,-3.4,92.379,-29.8,0.797,5017.5
323,47,admin.,divorced,university.degree,no,no,yes,cellular,nov,tue,96,2,999,0,nonexistent,-0.1,93.2,-42,4.153,5195.8
324,55,blue-collar,married,professional.course,no,yes,no,cellular,jul,wed,120,2,999,0,nonexistent,1.4,93.918,-42.7,4.963,5228.1
325,42,admin.,single,unknown,unknown,yes,yes,telephone,may,wed,303,3,999,0,nonexistent,1.1,93.994,-36.4,4.858,5191
326,27,admin.,single,basic.9y,no,yes,no,cellular,jul,tue,44,4,999,0,nonexistent,1.4,93.918,-42.7,4.961,5228.1
327,30,self-employed,married,professional.course,no,yes,no,cellular,may,tue,98,5,999,0,nonexistent,-1.8,92.893,-46.2,1.291,5099.1
328,53,unknown,married,high.school,unknown,no,no,telephone,may,thu,303,1,999,0,nonexistent,1.1,93.994,-36.4,4.86,5191
329,37,admin.,single,university.degree,no,yes,no,cellular,jul,wed,305,2,999,0,nonexistent,1.4,93.918,-42.7,4.963,5228.1
330,33,self-employed,married,university.degree,no,yes,no,cellular,nov,tue,84,2,999,0,nonexistent,-0.1,93.2,-42,4.153,5195.8
331,33,technician,married,professional.course,no,no,yes,cellular,apr,thu,667,1,999,0,nonexistent,-1.8,93.075,-47.1,1.41,5099.1
332,55,blue-collar,married,unknown,no,yes,no,cellular,aug,mon,280,3,999,0,nonexistent,1.4,93.444,-36.1,4.965,5228.1
333,30,blue-collar,single,basic.9y,unknown,no,yes,telephone,may,mon,36,2,999,0,nonexistent,1.1,93.994,-36.4,4.858,5191
334,37,blue-collar,married,basic.4y,no,no,no,cellular,may,thu,345,1,999,0,nonexistent,-1.8,92.893,-46.2,1.266,5099.1
335,49,blue-collar,divorced,basic.6y,unknown,no,no,cellular,jul,mon,1065,3,999,0,nonexistent,1.4,93.918,-42.7,4.962,5228.1
336,42,blue-collar,married,basic.9y,unknown,no,no,telephone,jul,fri,61,4,999,0,nonexistent,1.4,93.918,-42.7,4.959,5228.1
337,37,blue-collar,unknown,basic.6y,unknown,no,no,telephone,jun,mon,199,4,999,0,nonexistent,1.4,94.465,-41.8,4.961,5228.1
338,30,admin.,married,university.degree,no,no,no,telephone,jun,mon,100,2,999,0,nonexistent,1.4,94.465,-41.8,4.865,5228.1
339,57,housemaid,married,basic.4y,no,no,no,cellular,nov,fri,216,1,999,0,nonexistent,-0.1,93.2,-42,4.021,5195.8
340,49,technician,married,university.degree,no,yes,no,cellular,nov,thu,91,1,999,0,nonexistent,-0.1,93.2,-42,4.076,5195.8
341,38,technician,married,basic.9y,no,yes,no,telephone,jun,tue,447,1,999,0,nonexistent,1.4,94.465,-41.8,4.864,5228.1
342,42,management,single,university.degree,no,no,no,cellular,oct,mon,134,1,6,1,success,-3.4,92.431,-26.9,0.743,5017.5
343,58,blue-collar,married,basic.9y,no,no,no,telephone,jun,wed,372,5,999,0,nonexistent,1.4,94.465,-41.8,4.958,5228.1
344,40,admin.,married,university.degree,no,no,no,cellular,aug,wed,53,3,999,0,nonexistent,1.4,93.444,-36.1,4.964,5228.1
345,29,blue-collar,married,basic.9y,no,yes,no,cellular,jul,mon,808,1,999,0,nonexistent,1.4,93.918,-42.7,4.96,5228.1
346,30,management,married,university.degree,no,yes,no,telephone,jul,wed,90,2,999,0,nonexistent,1.4,93.918,-42.7,4.963,5228.1
347,51,services,married,professional.course,unknown,no,no,telephone,may,mon,158,5,999,0,nonexistent,1.1,93.994,-36.4,4.858,5191
348,36,blue-collar,married,basic.9y,no,no,no,cellular,may,tue,151,1,999,0,nonexistent,-1.8,92.893,-46.2,1.344,5099.1
349,52,housemaid,divorced,high.school,no,yes,no,cellular,aug,tue,140,3,999,0,nonexistent,1.4,93.444,-36.1,4.966,5228.1
350,38,blue-collar,single,high.school,no,no,no,cellular,may,fri,136,2,999,0,nonexistent,-1.8,92.893,-46.2,1.313,5099.1
351,30,blue-collar,single,basic.4y,no,no,no,telephone,jun,mon,187,9,999,0,nonexistent,1.4,94.465,-41.8,4.865,5228.1
352,43,blue-collar,married,basic.9y,no,no,no,telephone,may,thu,13,3,999,0,nonexistent,1.1,93.994,-36.4,4.86,5191
353,42,technician,married,university.degree,no,no,no,telephone,may,mon,64,2,999,0,nonexistent,1.1,93.994,-36.4,4.857,5191
354,30,admin.,married,unknown,no,no,no,cellular,jul,mon,270,3,999,0,nonexistent,1.4,93.918,-42.7,4.962,5228.1
355,51,admin.,married,high.school,no,yes,no,cellular,nov,tue,280,2,999,0,nonexistent,-0.1,93.2,-42,4.153,5195.8
356,38,admin.,single,university.degree,no,yes,no,telephone,jul,mon,195,2,999,0,nonexistent,-2.9,92.469,-33.6,0.914,5076.2
357,35,entrepreneur,married,high.school,no,no,no,cellular,jul,wed,1084,4,999,0,nonexistent,-2.9,92.469,-33.6,0.933,5076.2
358,48,blue-collar,married,basic.4y,no,yes,no,telephone,may,tue,36,1,999,0,nonexistent,1.1,93.994,-36.4,4.856,5191
359,37,admin.,married,university.degree,no,no,no,telephone,may,fri,51,1,999,0,nonexistent,1.1,93.994,-36.4,4.859,5191
360,39,services,married,high.school,no,yes,no,telephone,may,thu,17,3,999,0,nonexistent,1.1,93.994,-36.4,4.855,5191
361,41,admin.,single,university.degree,no,no,yes,cellular,may,wed,593,2,999,1,failure,-1.8,92.893,-46.2,1.334,5099.1
362,26,unemployed,married,high.school,no,no,no,cellular,jul,tue,322,4,999,0,nonexistent,1.4,93.918,-42.7,4.961,5228.1
363,24,blue-collar,single,basic.4y,no,yes,no,cellular,may,fri,389,1,999,0,nonexistent,-1.8,92.893,-46.2,1.313,5099.1
364,30,services,divorced,high.school,no,no,no,telephone,may,thu,366,2,999,0,nonexistent,1.1,93.994,-36.4,4.855,5191
365,34,technician,divorced,university.degree,no,yes,yes,cellular,aug,thu,526,1,999,0,nonexistent,1.4,93.444,-36.1,4.968,5228.1
366,27,admin.,single,university.degree,no,no,no,cellular,mar,tue,238,4,999,0,nonexistent,-1.8,93.369,-34.8,0.635,5008.7
367,33,self-employed,married,university.degree,no,yes,no,cellular,aug,tue,173,3,999,0,nonexistent,1.4,93.444,-36.1,4.963,5228.1
368,35,technician,married,high.school,no,yes,yes,cellular,aug,thu,136,1,999,0,nonexistent,1.4,93.444,-36.1,4.962,5228.1
369,45,entrepreneur,married,basic.4y,no,unknown,unknown,telephone,nov,tue,67,7,999,0,nonexistent,-0.1,93.2,-42,4.153,5195.8
370,27,technician,single,university.degree,no,yes,no,telephone,jun,mon,224,2,999,0,nonexistent,1.4,94.465,-41.8,4.947,5228.1
371,30,admin.,single,professional.course,no,unknown,unknown,cellular,jun,thu,246,1,7,1,success,-2.9,92.963,-40.8,1.26,5076.2
372,40,blue-collar,single,basic.9y,no,yes,no,cellular,may,wed,220,2,999,0,nonexistent,-1.8,92.893,-46.2,1.281,5099.1
373,33,admin.,single,university.degree,no,no,yes,cellular,aug,mon,87,3,999,0,nonexistent,-1.7,94.027,-38.3,0.898,4991.6
374,44,blue-collar,divorced,basic.6y,no,no,no,telephone,may,mon,380,1,999,0,nonexistent,1.1,93.994,-36.4,4.858,5191
375,34,technician,divorced,professional.course,no,no,no,telephone,mar,fri,257,1,999,1,failure,-1.8,93.369,-34.8,0.653,5008.7
376,40,blue-collar,single,basic.9y,unknown,yes,no,cellular,jul,mon,824,5,999,0,nonexistent,1.4,93.918,-42.7,4.96,5228.1
377,42,management,divorced,high.school,no,no,no,telephone,jun,mon,163,1,999,0,nonexistent,1.4,94.465,-41.8,4.865,5228.1
378,50,blue-collar,married,university.degree,unknown,no,no,cellular,nov,fri,108,1,999,0,nonexistent,-0.1,93.2,-42,4.021,5195.8
379,70,admin.,married,basic.4y,no,no,no,cellular,sep,tue,111,1,3,1,success,-3.4,92.379,-29.8,0.77,5017.5
380,36,services,married,high.school,no,yes,no,telephone,may,thu,399,4,999,0,nonexistent,1.1,93.994,-36.4,4.855,5191
381,43,admin.,married,university.degree,no,yes,no,telephone,may,thu,493,2,999,0,nonexistent,1.1,93.994,-36.4,4.86,5191
382,39,entrepreneur,married,high.school,no,yes,no,cellular,jul,thu,244,1,999,0,nonexistent,1.4,93.918,-42.7,4.968,5228.1
383,32,admin.,married,university.degree,unknown,unknown,unknown,telephone,may,mon,261,56,999,0,nonexistent,1.1,93.994,-36.4,4.858,5191
384,53,services,divorced,university.degree,no,yes,yes,cellular,nov,tue,105,1,999,0,nonexistent,-0.1,93.2,-42,4.153,5195.8
385,71,retired,married,university.degree,no,no,no,cellular,apr,mon,349,1,999,0,nonexistent,-1.8,93.075,-47.1,1.405,5099.1
386,38,admin.,married,high.school,no,unknown,unknown,cellular,may,fri,295,2,999,0,nonexistent,-1.8,92.893,-46.2,1.313,5099.1
387,48,admin.,divorced,university.degree,no,yes,no,cellular,jul,thu,294,4,999,0,nonexistent,1.4,93.918,-42.7,4.968,5228.1
388,29,admin.,single,university.degree,no,yes,no,cellular,aug,mon,214,5,999,0,nonexistent,1.4,93.444,-36.1,4.965,5228.1
389,37,services,married,professional.course,unknown,no,no,telephone,may,thu,125,4,999,0,nonexistent,1.1,93.994,-36.4,4.86,5191
390,55,admin.,divorced,university.degree,no,yes,no,telephone,may,mon,38,4,999,0,nonexistent,1.1,93.994,-36.4,4.857,5191
391,58,retired,married,basic.9y,no,no,yes,cellular,may,fri,235,2,999,0,nonexistent,-1.8,92.893,-46.2,1.259,5099.1
392,43,entrepreneur,married,basic.9y,no,yes,yes,cellular,nov,tue,74,1,999,0,nonexistent,-0.1,93.2,-42,4.153,5195.8
393,43,technician,single,professional.course,no,no,no,telephone,jun,tue,315,2,999,0,nonexistent,1.4,94.465,-41.8,4.961,5228.1
394,40,admin.,single,unknown,unknown,yes,no,telephone,may,wed,30,12,999,0,nonexistent,1.1,93.994,-36.4,4.858,5191
395,46,entrepreneur,married,high.school,no,no,yes,telephone,may,fri,225,4,999,0,nonexistent,1.1,93.994,-36.4,4.857,5191
396,25,admin.,single,high.school,no,no,no,cellular,may,mon,16,4,999,0,nonexistent,-1.8,92.893,-46.2,1.244,5099.1
397,38,admin.,single,university.degree,no,yes,yes,cellular,aug,mon,1504,2,999,0,nonexistent,1.4,93.444,-36.1,4.965,5228.1
398,42,technician,married,professional.course,unknown,yes,no,telephone,nov,mon,1606,1,999,0,nonexistent,-0.1,93.2,-42,4.191,5195.8
399,69,retired,married,high.school,no,no,no,cellular,nov,mon,178,1,999,0,nonexistent,-3.4,92.649,-30.1,0.715,5017.5
400,38,admin.,single,high.school,no,yes,no,cellular,apr,fri,74,2,999,1,failure,-1.8,93.075,-47.1,1.405,5099.1
401,38,blue-collar,married,basic.4y,unknown,no,no,telephone,may,thu,211,6,999,0,nonexistent,1.1,93.994,-36.4,4.86,5191
402,25,blue-collar,single,basic.9y,no,unknown,unknown,cellular,may,mon,10,2,999,0,nonexistent,-1.8,92.893,-46.2,1.244,5099.1
403,44,admin.,single,university.degree,no,yes,yes,cellular,nov,thu,90,4,999,0,nonexistent,-0.1,93.2,-42,4.076,5195.8
404,35,blue-collar,married,basic.9y,no,yes,no,telephone,may,wed,298,1,999,0,nonexistent,1.1,93.994,-36.4,4.859,5191
405,24,student,single,professional.course,no,no,no,cellular,nov,mon,180,2,999,1,failure,-3.4,92.649,-30.1,0.722,5017.5
406,52,admin.,married,university.degree,no,no,no,cellular,may,thu,195,1,999,0,nonexistent,-1.8,93.876,-40,0.677,5008.7
407,58,entrepreneur,married,basic.4y,no,no,no,telephone,jun,thu,147,1,999,0,nonexistent,1.4,94.465,-41.8,4.961,5228.1
408,48,admin.,divorced,university.degree,no,yes,no,cellular,aug,fri,103,1,4,1,success,-2.9,92.201,-31.4,0.881,5076.2
409,34,admin.,single,high.school,no,no,no,cellular,may,fri,15,9,999,0,nonexistent,-1.8,92.893,-46.2,1.25,5099.1
410,33,admin.,single,university.degree,no,no,no,cellular,may,wed,6,7,999,0,nonexistent,-1.8,92.893,-46.2,1.281,5099.1
411,38,entrepreneur,married,professional.course,no,yes,no,cellular,nov,wed,388,3,999,0,nonexistent,-0.1,93.2,-42,4.12,5195.8
412,48,admin.,married,university.degree,no,yes,no,telephone,may,tue,159,1,999,0,nonexistent,1.1,93.994,-36.4,4.857,5191
413,37,blue-collar,married,basic.9y,no,no,no,telephone,may,fri,301,1,999,0,nonexistent,-1.8,92.893,-46.2,1.313,5099.1
414,42,admin.,married,university.degree,no,no,no,cellular,nov,mon,62,1,999,1,failure,-0.1,93.2,-42,4.191,5195.8
415,27,admin.,single,high.school,no,no,no,cellular,apr,thu,314,2,999,1,failure,-1.8,93.075,-47.1,1.41,5099.1
416,39,blue-collar,married,basic.9y,no,no,no,cellular,apr,thu,73,1,999,1,failure,-1.8,93.075,-47.1,1.483,5099.1
417,47,technician,divorced,high.school,no,yes,no,cellular,aug,wed,87,3,999,0,nonexistent,1.4,93.444,-36.1,4.964,5228.1
418,34,technician,married,university.degree,unknown,yes,no,cellular,aug,thu,414,2,999,0,nonexistent,1.4,93.444,-36.1,4.964,5228.1
419,33,technician,married,professional.course,no,yes,no,telephone,jun,thu,201,1,999,0,nonexistent,1.4,94.465,-41.8,4.961,5228.1
420,40,technician,married,high.school,no,no,no,cellular,aug,tue,370,1,999,0,nonexistent,1.4,93.444,-36.1,4.966,5228.1
421,30,blue-collar,married,basic.6y,no,no,yes,cellular,may,thu,24,6,999,1,failure,-1.8,92.893,-46.2,1.266,5099.1
422,26,entrepreneur,married,professional.course,no,no,no,telephone,may,fri,75,10,999,2,failure,-1.8,92.893,-46.2,1.25,5099.1
423,44,services,married,basic.4y,unknown,no,no,cellular,jul,fri,226,1,999,0,nonexistent,1.4,93.918,-42.7,4.957,5228.1
424,32,services,single,unknown,no,yes,no,cellular,may,fri,189,3,999,0,nonexistent,-1.8,92.893,-46.2,1.25,5099.1
425,46,technician,married,high.school,unknown,no,no,cellular,aug,thu,206,1,999,0,nonexistent,1.4,93.444,-36.1,4.964,5228.1
426,49,services,married,high.school,no,yes,no,telephone,may,tue,161,1,999,0,nonexistent,1.1,93.994,-36.4,4.856,5191
427,37,blue-collar,married,high.school,no,no,no,telephone,may,tue,191,1,999,0,nonexistent,1.1,93.994,-36.4,4.857,5191
428,28,admin.,single,university.degree,no,yes,yes,telephone,may,fri,163,3,999,0,nonexistent,1.1,93.994,-36.4,4.864,5191
429,58,admin.,married,high.school,unknown,yes,no,cellular,jul,tue,103,1,999,0,nonexistent,1.4,93.918,-42.7,4.961,5228.1
430,34,management,divorced,university.degree,no,yes,no,cellular,jul,tue,580,5,999,0,nonexistent,1.4,93.918,-42.7,4.961,5228.1
431,41,blue-collar,married,basic.6y,no,yes,no,cellular,nov,wed,264,2,999,0,nonexistent,-0.1,93.2,-42,4.12,5195.8
432,40,blue-collar,divorced,basic.9y,no,yes,no,cellular,nov,tue,67,1,999,1,failure,-0.1,93.2,-42,4.153,5195.8
433,35,admin.,single,university.degree,no,yes,no,telephone,nov,tue,263,2,999,0,nonexistent,-0.1,93.2,-42,4.153,5195.8
434,48,services,divorced,high.school,no,no,yes,cellular,jul,mon,88,4,999,0,nonexistent,1.4,93.918,-42.7,4.96,5228.1
435,32,admin.,single,high.school,no,no,no,cellular,aug,tue,243,4,999,0,nonexistent,1.4,93.444,-36.1,4.963,5228.1
436,25,admin.,single,university.degree,no,no,no,cellular,may,tue,80,1,999,1,failure,-1.8,92.893,-46.2,1.266,5099.1
437,47,housemaid,married,basic.9y,no,no,no,cellular,aug,thu,135,1,999,0,nonexistent,1.4,93.444,-36.1,4.963,5228.1
438,44,technician,single,professional.course,no,yes,no,cellular,nov,fri,18,4,999,0,nonexistent,-0.1,93.2,-42,4.021,5195.8
439,58,management,married,university.degree,no,yes,no,cellular,aug,mon,59,3,999,0,nonexistent,1.4,93.444,-36.1,4.965,5228.1
440,37,technician,married,professional.course,no,yes,no,telephone,jun,tue,296,1,999,0,nonexistent,1.4,94.465,-41.8,4.961,5228.1
441,40,admin.,single,high.school,no,yes,no,cellular,may,tue,142,3,999,0,nonexistent,-1.8,92.893,-46.2,1.344,5099.1
442,51,technician,married,professional.course,no,yes,no,cellular,aug,wed,300,2,999,0,nonexistent,1.4,93.444,-36.1,4.964,5228.1
443,53,technician,married,professional.course,unknown,yes,yes,cellular,aug,wed,276,2,999,0,nonexistent,1.4,93.444,-36.1,4.964,5228.1
444,39,blue-collar,married,basic.9y,no,no,no,cellular,jul,tue,231,2,999,0,nonexistent,1.4,93.918,-42.7,4.961,5228.1
445,48,admin.,married,high.school,no,yes,no,cellular,jul,thu,903,1,999,0,nonexistent,1.4,93.918,-42.7,4.962,5228.1
446,43,self-employed,married,high.school,unknown,yes,no,cellular,apr,wed,902,2,999,0,nonexistent,-1.8,93.075,-47.1,1.445,5099.1
447,46,admin.,single,university.degree,no,yes,no,telephone,jun,thu,172,3,999,0,nonexistent,1.4,94.465,-41.8,4.961,5228.1
448,27,blue-collar,married,basic.9y,no,no,no,telephone,may,wed,392,1,999,0,nonexistent,1.1,93.994,-36.4,4.857,5191
449,27,technician,single,professional.course,no,no,no,cellular,jul,thu,171,1,999,0,nonexistent,1.4,93.918,-42.7,4.963,5228.1
450,35,services,divorced,professional.course,unknown,no,no,telephone,may,tue,806,1,999,0,nonexistent,1.1,93.994,-36.4,4.856,5191
451,30,admin.,married,university.degree,no,no,yes,cellular,aug,tue,113,3,999,0,nonexistent,1.4,93.444,-36.1,4.963,5228.1
452,50,blue-collar,married,basic.6y,unknown,no,no,telephone,may,wed,251,1,999,0,nonexistent,1.1,93.994,-36.4,4.857,5191
453,30,blue-collar,single,high.school,no,yes,no,cellular,aug,thu,296,7,999,0,nonexistent,1.4,93.444,-36.1,4.968,5228.1
454,51,blue-collar,married,basic.6y,no,no,no,cellular,aug,fri,393,1,999,0,nonexistent,1.4,93.444,-36.1,4.964,5228.1
455,53,retired,divorced,basic.4y,no,no,no,telephone,may,thu,116,1,999,0,nonexistent,1.1,93.994,-36.4,4.86,5191
456,42,blue-collar,married,basic.4y,no,yes,no,cellular,apr,mon,257,1,999,0,nonexistent,-1.8,93.075,-47.1,1.405,5099.1
457,44,services,married,high.school,no,yes,no,telephone,may,wed,78,5,999,0,nonexistent,1.1,93.994,-36.4,4.856,5191
458,35,technician,married,professional.course,unknown,yes,no,telephone,jun,fri,34,2,999,0,nonexistent,1.4,94.465,-41.8,4.967,5228.1
459,24,technician,single,professional.course,no,yes,no,cellular,apr,mon,200,3,999,1,failure,-1.8,93.075,-47.1,1.405,5099.1
460,29,admin.,married,high.school,no,no,no,telephone,may,tue,214,2,999,0,nonexistent,1.1,93.994,-36.4,4.856,5191
461,25,blue-collar,married,basic.9y,no,yes,yes,telephone,jun,mon,60,5,999,0,nonexistent,1.4,94.465,-41.8,4.865,5228.1
462,59,admin.,divorced,high.school,no,yes,no,cellular,jul,mon,86,3,999,0,nonexistent,1.4,93.918,-42.7,4.962,5228.1
463,35,admin.,married,high.school,no,no,no,telephone,jun,mon,142,2,999,0,nonexistent,1.4,94.465,-41.8,4.96,5228.1
464,35,management,single,unknown,no,no,no,telephone,may,fri,126,1,999,0,nonexistent,1.1,93.994,-36.4,4.864,5191
465,31,admin.,married,high.school,unknown,yes,no,telephone,may,thu,199,2,999,0,nonexistent,1.1,93.994,-36.4,4.86,5191
466,31,admin.,divorced,university.degree,no,no,no,cellular,may,mon,239,3,999,1,failure,-1.8,92.893,-46.2,1.299,5099.1
467,59,admin.,married,university.degree,no,yes,no,cellular,may,fri,324,2,999,1,failure,-1.8,92.893,-46.2,1.313,5099.1
468,26,blue-collar,married,basic.9y,unknown,yes,no,telephone,may,thu,132,3,999,0,nonexistent,1.1,93.994,-36.4,4.86,5191
469,43,admin.,divorced,university.degree,no,no,no,telephone,jun,tue,356,2,999,0,nonexistent,1.4,94.465,-41.8,4.864,5228.1
470,34,technician,married,professional.course,no,yes,no,cellular,may,fri,81,2,999,0,nonexistent,-1.8,92.893,-46.2,1.313,5099.1
471,31,technician,single,university.degree,no,yes,yes,cellular,jun,fri,241,5,999,0,nonexistent,-2.9,92.963,-40.8,1.224,5076.2
472,45,blue-collar,single,basic.9y,no,no,yes,cellular,oct,tue,204,2,999,1,failure,-3.4,92.431,-26.9,0.742,5017.5
473,32,technician,married,professional.course,no,no,no,telephone,may,wed,293,2,999,0,nonexistent,1.1,93.994,-36.4,4.858,5191
474,26,admin.,married,high.school,no,no,no,cellular,jun,wed,301,5,999,0,nonexistent,-1.7,94.055,-39.8,0.767,4991.6
475,32,admin.,single,university.degree,no,yes,yes,cellular,aug,tue,69,3,999,0,nonexistent,1.4,93.444,-36.1,4.963,5228.1
476,36,admin.,married,high.school,no,no,no,telephone,may,mon,108,2,999,0,nonexistent,1.1,93.994,-36.4,4.857,5191
477,22,services,single,high.school,no,no,no,telephone,jun,wed,156,1,999,0,nonexistent,1.4,94.465,-41.8,4.864,5228.1
478,33,entrepreneur,married,university.degree,no,no,yes,telephone,jun,thu,166,2,999,0,nonexistent,1.4,94.465,-41.8,4.958,5228.1
479,51,technician,married,high.school,no,yes,no,cellular,aug,wed,549,2,999,0,nonexistent,1.4,93.444,-36.1,4.964,5228.1
480,56,blue-collar,married,basic.6y,no,yes,yes,cellular,apr,mon,223,1,999,0,nonexistent,-1.8,93.075,-47.1,1.405,5099.1
481,31,admin.,single,university.degree,no,yes,no,cellular,may,fri,165,3,999,1,failure,-1.8,92.893,-46.2,1.25,5099.1
482,42,unemployed,married,university.degree,unknown,yes,no,cellular,jul,tue,431,1,999,0,nonexistent,1.4,93.918,-42.7,4.962,5228.1
483,25,blue-collar,single,basic.4y,no,no,no,telephone,jul,tue,104,3,999,0,nonexistent,1.4,93.918,-42.7,4.962,5228.1
484,49,management,married,university.degree,no,no,no,cellular,apr,thu,97,1,999,0,nonexistent,-1.8,93.075,-47.1,1.365,5099.1
485,49,admin.,married,unknown,no,yes,no,telephone,may,fri,731,4,999,0,nonexistent,1.1,93.994,-36.4,4.859,5191
486,22,student,single,high.school,no,yes,yes,cellular,may,tue,131,2,999,0,nonexistent,-1.8,92.893,-46.2,1.266,5099.1
487,63,retired,divorced,university.degree,no,yes,yes,cellular,jul,thu,146,1,999,1,failure,-2.9,92.469,-33.6,1.072,5076.2
488,32,services,married,high.school,no,no,no,cellular,may,tue,106,1,999,0,nonexistent,-1.8,92.893,-46.2,1.344,5099.1
489,38,technician,married,university.degree,no,no,no,cellular,may,fri,186,1,999,1,failure,-1.8,92.893,-46.2,1.313,5099.1
490,43,admin.,single,university.degree,no,no,no,cellular,may,tue,139,2,999,0,nonexistent,-1.8,92.893,-46.2,1.291,5099.1
491,28,blue-collar,single,high.school,no,yes,no,cellular,may,wed,529,1,999,0,nonexistent,-1.8,92.893,-46.2,1.281,5099.1
492,36,self-employed,divorced,basic.9y,no,no,no,cellular,nov,wed,133,1,999,2,failure,-3.4,92.649,-30.1,0.715,5017.5
493,62,management,married,university.degree,no,yes,yes,cellular,aug,wed,345,2,999,0,nonexistent,-2.9,92.201,-31.4,0.879,5076.2
494,30,technician,married,professional.course,no,yes,no,cellular,oct,mon,253,1,9,2,success,-1.1,94.601,-49.5,1.032,4963.6
495,42,technician,single,university.degree,no,yes,no,cellular,may,mon,179,4,999,0,nonexistent,-1.8,92.893,-46.2,1.244,5099.1
496,33,admin.,married,university.degree,no,yes,no,cellular,jul,mon,263,1,999,0,nonexistent,1.4,93.918,-42.7,4.96,5228.1
497,40,admin.,divorced,university.degree,no,yes,no,cellular,aug,wed,302,2,999,0,nonexistent,1.4,93.444,-36.1,4.967,5228.1
498,28,admin.,single,professional.course,no,no,yes,telephone,jun,thu,253,1,999,0,nonexistent,1.4,94.465,-41.8,4.955,5228.1
499,31,services,married,high.school,unknown,unknown,unknown,telephone,may,tue,374,1,999,0,nonexistent,1.1,93.994,-36.4,4.857,5191
500,42,blue-collar,married,basic.4y,no,yes,no,telephone,may,tue,89,2,999,0,nonexistent,-1.8,92.893,-46.2,1.291,5099.1
501,60,management,married,basic.4y,unknown,no,no,cellular,may,fri,65,2,999,0,nonexistent,-1.8,92.893,-46.2,1.313,5099.1
502,40,admin.,married,university.degree,no,yes,no,telephone,jun,fri,606,5,999,0,nonexistent,1.4,94.465,-41.8,4.967,5228.1
503,30,blue-collar,single,basic.9y,unknown,yes,no,cellular,apr,mon,145,4,999,0,nonexistent,-1.8,93.075,-47.1,1.405,5099.1
504,49,blue-collar,married,basic.4y,unknown,yes,no,telephone,jun,fri,553,2,999,0,nonexistent,1.4,94.465,-41.8,4.959,5228.1
505,29,admin.,single,university.degree,no,yes,no,cellular,may,tue,88,1,999,0,nonexistent,-1.8,92.893,-46.2,1.266,5099.1
506,32,services,married,high.school,no,no,no,telephone,jun,wed,90,2,999,0,nonexistent,1.4,94.465,-41.8,4.864,5228.1
507,43,housemaid,married,basic.4y,no,no,no,cellular,nov,fri,165,2,999,0,nonexistent,-0.1,93.2,-42,4.021,5195.8
508,44,services,married,high.school,unknown,yes,no,cellular,nov,fri,46,1,999,0,nonexistent,-0.1,93.2,-42,4.021,5195.8
509,40,blue-collar,married,basic.9y,unknown,no,no,telephone,may,wed,32,1,999,0,nonexistent,1.1,93.994,-36.4,4.858,5191
510,37,management,married,university.degree,no,no,no,telephone,may,wed,83,2,999,0,nonexistent,1.1,93.994,-36.4,4.857,5191
511,51,blue-collar,married,basic.6y,no,yes,no,cellular,apr,wed,89,2,999,0,nonexistent,-1.8,93.075,-47.1,1.372,5099.1
512,35,technician,single,high.school,unknown,no,no,cellular,aug,fri,1258,1,999,0,nonexistent,1.4,93.444,-36.1,4.964,5228.1
513,43,services,married,basic.6y,no,yes,no,cellular,sep,tue,79,1,999,0,nonexistent,-3.4,92.379,-29.8,0.75,5017.5
514,27,blue-collar,single,basic.6y,no,yes,yes,telephone,jun,fri,187,2,999,0,nonexistent,1.4,94.465,-41.8,4.967,5228.1
515,49,management,divorced,basic.6y,no,no,no,telephone,nov,thu,88,6,999,0,nonexistent,-0.1,93.2,-42,4.076,5195.8
516,46,technician,married,professional.course,no,no,no,cellular,aug,mon,194,5,999,0,nonexistent,1.4,93.444,-36.1,4.965,5228.1
517,42,admin.,married,high.school,no,yes,no,cellular,may,fri,106,1,999,1,failure,-1.8,92.893,-46.2,1.313,5099.1
518,56,entrepreneur,married,university.degree,no,no,no,telephone,jun,tue,21,3,999,0,nonexistent,1.4,94.465,-41.8,4.864,5228.1
519,29,technician,single,professional.course,no,no,yes,cellular,jul,tue,178,2,15,2,failure,-1.7,94.215,-40.3,0.876,4991.6
520,59,retired,married,professional.course,no,no,no,telephone,may,wed,560,9,999,0,nonexistent,1.1,93.994,-36.4,4.857,5191
521,35,admin.,married,university.degree,no,yes,yes,cellular,nov,wed,1028,2,999,0,nonexistent,-0.1,93.2,-42,4.12,5195.8
522,31,blue-collar,married,basic.4y,no,yes,no,telephone,may,wed,159,2,999,0,nonexistent,1.1,93.994,-36.4,4.857,5191
523,25,admin.,single,high.school,no,yes,no,cellular,jul,tue,84,5,999,0,nonexistent,1.4,93.918,-42.7,4.961,5228.1
524,40,self-employed,single,university.degree,no,yes,no,cellular,jul,wed,1065,3,999,0,nonexistent,1.4,93.918,-42.7,4.963,5228.1
525,28,admin.,single,university.degree,unknown,no,yes,telephone,may,wed,74,2,999,0,nonexistent,1.1,93.994,-36.4,4.857,5191
526,43,technician,divorced,professional.course,unknown,no,no,cellular,apr,mon,131,2,999,1,failure,-1.8,93.075,-47.1,1.405,5099.1
527,40,admin.,married,high.school,no,no,no,telephone,may,fri,83,3,999,0,nonexistent,1.1,93.994,-36.4,4.855,5191
528,46,housemaid,married,basic.9y,no,no,no,telephone,may,tue,165,2,999,0,nonexistent,1.1,93.994,-36.4,4.856,5191
529,38,blue-collar,single,basic.6y,no,yes,no,telephone,may,fri,331,6,999,0,nonexistent,1.1,93.994,-36.4,4.857,5191
530,51,management,married,basic.9y,no,yes,no,cellular,jul,wed,154,4,999,0,nonexistent,1.4,93.918,-42.7,4.963,5228.1
531,31,blue-collar,married,basic.6y,no,yes,no,telephone,may,tue,774,1,999,0,nonexistent,1.1,93.994,-36.4,4.856,5191
532,29,admin.,married,high.school,no,yes,yes,cellular,nov,wed,155,1,999,0,nonexistent,-0.1,93.2,-42,4.12,5195.8
533,48,admin.,single,high.school,no,no,no,cellular,jul,fri,52,3,999,0,nonexistent,1.4,93.918,-42.7,4.962,5228.1
534,56,admin.,married,university.degree,unknown,no,no,telephone,may,fri,213,4,999,0,nonexistent,1.1,93.994,-36.4,4.857,5191
535,53,technician,married,professional.course,no,no,no,cellular,may,tue,350,5,999,1,failure,-1.8,92.893,-46.2,1.291,5099.1
536,50,blue-collar,divorced,basic.6y,no,yes,no,cellular,may,mon,82,1,999,0,nonexistent,-1.8,92.893,-46.2,1.299,5099.1
537,38,technician,single,professional.course,no,unknown,unknown,telephone,jun,fri,59,3,999,0,nonexistent,1.4,94.465,-41.8,4.967,5228.1
538,42,services,married,high.school,unknown,yes,yes,cellular,aug,fri,41,1,999,0,nonexistent,1.4,93.444,-36.1,4.964,5228.1
539,57,self-employed,married,university.degree,unknown,unknown,unknown,telephone,jul,mon,644,1,999,0,nonexistent,1.4,93.918,-42.7,4.962,5228.1
540,44,management,married,university.degree,no,yes,no,cellular,nov,tue,170,2,999,1,failure,-0.1,93.2,-42,4.153,5195.8
541,45,technician,married,professional.course,no,no,no,cellular,nov,wed,193,1,999,0,nonexistent,-0.1,93.2,-42,4.12,5195.8
542,23,admin.,single,high.school,no,no,no,cellular,may,fri,13,8,999,0,nonexistent,-1.8,92.893,-46.2,1.25,5099.1
543,32,services,married,high.school,unknown,no,yes,telephone,may,tue,535,2,999,0,nonexistent,1.1,93.994,-36.4,4.857,5191
544,34,admin.,married,university.degree,no,yes,no,cellular,may,thu,293,2,999,1,failure,-1.8,92.893,-46.2,1.266,5099.1
545,45,admin.,divorced,university.degree,no,yes,yes,cellular,jul,mon,340,1,999,0,nonexistent,1.4,93.918,-42.7,4.962,5228.1
546,36,services,married,high.school,unknown,yes,yes,cellular,may,fri,108,1,999,0,nonexistent,-1.8,92.893,-46.2,1.313,5099.1
547,50,housemaid,single,unknown,no,yes,no,telephone,may,tue,473,1,999,0,nonexistent,1.1,93.994,-36.4,4.856,5191
548,31,technician,single,university.degree,no,yes,yes,cellular,jul,thu,328,1,999,0,nonexistent,1.4,93.918,-42.7,4.963,5228.1
549,41,entrepreneur,single,high.school,no,yes,no,cellular,jul,thu,90,3,999,0,nonexistent,1.4,93.918,-42.7,4.962,5228.1
550,33,management,married,university.degree,no,no,yes,telephone,jun,thu,219,2,999,0,nonexistent,1.4,94.465,-41.8,4.961,5228.1
551,32,services,married,high.school,no,no,no,cellular,oct,mon,217,1,999,0,nonexistent,-3.4,92.431,-26.9,0.739,5017.5
552,40,blue-collar,married,basic.4y,unknown,no,no,telephone,jun,thu,124,1,999,0,nonexistent,1.4,94.465,-41.8,4.958,5228.1
553,36,blue-collar,single,high.school,no,unknown,unknown,telephone,jun,mon,311,2,999,0,nonexistent,1.4,94.465,-41.8,4.961,5228.1
554,31,entrepreneur,married,basic.6y,no,yes,no,telephone,may,fri,108,3,999,0,nonexistent,1.1,93.994,-36.4,4.857,5191
555,33,admin.,single,university.degree,no,yes,yes,telephone,jun,mon,304,2,999,0,nonexistent,1.4,94.465,-41.8,4.865,5228.1
556,30,admin.,single,high.school,no,no,no,cellular,aug,fri,111,1,999,0,nonexistent,1.4,93.444,-36.1,4.964,5228.1
557,32,self-employed,married,professional.course,no,no,yes,telephone,may,fri,65,5,999,0,nonexistent,-1.8,92.893,-46.2,1.25,5099.1
558,30,technician,married,basic.9y,no,no,yes,cellular,jul,thu,536,2,999,0,nonexistent,1.4,93.918,-42.7,4.958,5228.1
559,41,blue-collar,married,basic.4y,no,yes,no,telephone,may,fri,153,2,999,0,nonexistent,1.1,93.994,-36.4,4.864,5191
560,28,self-employed,single,basic.9y,no,yes,no,telephone,may,tue,4,4,999,0,nonexistent,1.1,93.994,-36.4,4.857,5191
561,29,technician,married,professional.course,no,no,no,cellular,jul,mon,328,1,999,0,nonexistent,1.4,93.918,-42.7,4.96,5228.1
562,26,admin.,single,high.school,no,yes,no,cellular,apr,mon,190,1,999,0,nonexistent,-1.8,93.075,-47.1,1.405,5099.1
563,22,blue-collar,single,basic.9y,no,yes,yes,telephone,jul,thu,834,10,999,0,nonexistent,1.4,93.918,-42.7,4.963,5228.1
564,51,services,married,professional.course,unknown,no,no,telephone,jun,thu,177,1,999,0,nonexistent,1.4,94.465,-41.8,4.955,5228.1
565,35,management,single,university.degree,no,no,no,cellular,may,tue,68,1,999,0,nonexistent,-1.8,92.893,-46.2,1.266,5099.1
566,30,technician,single,professional.course,no,yes,no,cellular,may,fri,68,1,999,1,failure,-1.8,92.893,-46.2,1.313,5099.1
567,35,admin.,married,university.degree,no,yes,no,telephone,jun,wed,284,4,999,0,nonexistent,1.4,94.465,-41.8,4.962,5228.1
568,30,admin.,married,unknown,no,yes,yes,telephone,jun,mon,76,1,999,0,nonexistent,1.4,94.465,-41.8,4.961,5228.1
569,42,technician,single,unknown,no,no,no,telephone,may,tue,27,1,999,0,nonexistent,1.1,93.994,-36.4,4.856,5191
570,32,technician,divorced,professional.course,no,yes,no,telephone,jul,wed,18,1,999,0,nonexistent,-1.7,94.215,-40.3,0.84,4991.6
571,36,admin.,married,university.degree,no,yes,no,cellular,may,fri,334,3,999,0,nonexistent,-1.8,92.893,-46.2,1.313,5099.1
572,62,self-employed,married,university.degree,unknown,no,no,cellular,sep,fri,74,1,999,0,nonexistent,-3.4,92.379,-29.8,0.741,5017.5
573,42,admin.,married,basic.9y,no,yes,no,telephone,may,wed,117,6,999,0,nonexistent,1.1,93.994,-36.4,4.859,5191
574,29,housemaid,single,high.school,no,yes,no,telephone,may,wed,178,3,999,0,nonexistent,1.1,93.994,-36.4,4.858,5191
575,29,management,single,university.degree,no,yes,no,telephone,may,fri,123,1,999,0,nonexistent,1.1,93.994,-36.4,4.855,5191
576,39,admin.,single,high.school,no,yes,no,cellular,may,wed,130,3,999,0,nonexistent,-1.8,92.893,-46.2,1.27,5099.1
577,27,services,married,basic.9y,no,no,no,telephone,jul,thu,100,3,999,0,nonexistent,1.4,93.918,-42.7,4.966,5228.1
578,47,admin.,single,university.degree,no,no,no,cellular,aug,mon,151,9,999,0,nonexistent,1.4,93.444,-36.1,4.963,5228.1
579,19,student,single,basic.9y,no,yes,no,cellular,may,tue,203,1,999,3,failure,-1.8,93.876,-40,0.668,5008.7
580,52,housemaid,married,basic.4y,unknown,no,no,telephone,jun,thu,92,2,999,0,nonexistent,1.4,94.465,-41.8,4.866,5228.1
581,29,admin.,single,university.degree,no,no,no,cellular,aug,wed,391,2,999,0,nonexistent,1.4,93.444,-36.1,4.964,5228.1
582,32,technician,married,professional.course,no,yes,no,cellular,may,tue,235,2,999,0,nonexistent,-1.8,92.893,-46.2,1.344,5099.1
583,39,management,married,university.degree,no,no,yes,telephone,jun,thu,127,1,999,0,nonexistent,1.4,94.465,-41.8,4.958,5228.1
584,52,management,married,university.degree,no,unknown,unknown,cellular,nov,tue,486,1,999,0,nonexistent,-0.1,93.2,-42,4.153,5195.8
585,55,unknown,unknown,unknown,unknown,yes,no,cellular,jul,mon,230,1,999,0,nonexistent,1.4,93.918,-42.7,4.962,5228.1
586,28,management,married,basic.9y,no,yes,no,cellular,may,tue,328,2,999,0,nonexistent,-1.8,92.893,-46.2,1.291,5099.1
587,52,services,single,high.school,no,yes,no,telephone,jun,wed,324,1,999,0,nonexistent,1.4,94.465,-41.8,4.962,5228.1
588,34,housemaid,divorced,university.degree,no,yes,yes,cellular,apr,fri,73,1,999,0,nonexistent,-1.8,93.075,-47.1,1.405,5099.1
589,38,admin.,married,high.school,unknown,no,no,telephone,may,mon,165,2,999,0,nonexistent,1.1,93.994,-36.4,4.857,5191
590,49,blue-collar,married,basic.4y,no,yes,no,cellular,sep,tue,133,2,999,0,nonexistent,-3.4,92.379,-29.8,0.77,5017.5
591,39,services,married,high.school,no,no,no,telephone,may,tue,342,2,999,0,nonexistent,1.1,93.994,-36.4,4.856,5191
592,57,services,divorced,high.school,no,yes,no,telephone,may,wed,72,3,999,0,nonexistent,1.1,93.994,-36.4,4.858,5191
593,26,admin.,single,high.school,no,no,no,cellular,apr,mon,785,1,999,0,nonexistent,-1.8,93.075,-47.1,1.405,5099.1
594,44,admin.,married,university.degree,no,yes,no,cellular,aug,wed,113,1,999,0,nonexistent,-2.9,92.201,-31.4,0.879,5076.2
595,42,technician,divorced,university.degree,no,no,no,telephone,may,tue,190,1,999,0,nonexistent,1.1,93.994,-36.4,4.856,5191
596,36,self-employed,married,university.degree,no,no,no,cellular,may,mon,54,1,999,0,nonexistent,-1.8,92.893,-46.2,1.264,5099.1
597,47,blue-collar,married,basic.9y,unknown,yes,no,telephone,may,thu,221,4,999,0,nonexistent,1.1,93.994,-36.4,4.86,5191
598,54,blue-collar,married,basic.9y,unknown,no,yes,telephone,may,thu,422,2,999,0,nonexistent,1.1,93.994,-36.4,4.855,5191
599,39,housemaid,married,basic.4y,no,yes,no,telephone,jun,mon,44,4,999,0,nonexistent,1.4,94.465,-41.8,4.961,5228.1
600,49,admin.,married,high.school,no,yes,no,cellular,aug,fri,183,1,999,0,nonexistent,1.4,93.444,-36.1,4.966,5228.1
601,40,admin.,married,high.school,no,no,no,cellular,aug,thu,477,2,999,0,nonexistent,-2.9,92.201,-31.4,0.873,5076.2
602,36,management,divorced,university.degree,no,no,no,telephone,jun,thu,221,12,999,0,nonexistent,1.4,94.465,-41.8,4.961,5228.1
603,48,blue-collar,married,high.school,no,no,no,cellular,may,tue,252,2,999,0,nonexistent,-1.8,92.893,-46.2,1.266,5099.1
604,42,blue-collar,married,basic.6y,no,yes,no,cellular,may,thu,56,1,999,0,nonexistent,-1.8,92.893,-46.2,1.327,5099.1
605,34,unemployed,married,university.degree,no,yes,no,cellular,nov,thu,266,3,999,0,nonexistent,-0.1,93.2,-42,4.076,5195.8
606,43,blue-collar,married,basic.4y,no,yes,no,telephone,jun,wed,28,4,999,0,nonexistent,1.4,94.465,-41.8,4.864,5228.1
607,22,technician,single,professional.course,no,no,no,telephone,jun,fri,184,4,999,0,nonexistent,1.4,94.465,-41.8,4.959,5228.1
608,59,technician,married,professional.course,no,yes,no,telephone,aug,wed,240,3,999,1,failure,-2.9,92.201,-31.4,0.834,5076.2
609,32,admin.,single,university.degree,no,no,no,telephone,may,tue,389,1,999,0,nonexistent,1.1,93.994,-36.4,4.857,5191
610,56,technician,married,professional.course,unknown,yes,no,cellular,nov,fri,266,6,999,0,nonexistent,-0.1,93.2,-42,4.021,5195.8
611,29,admin.,single,university.degree,no,yes,no,cellular,aug,tue,307,1,999,0,nonexistent,-2.9,92.201,-31.4,0.859,5076.2
612,45,housemaid,married,high.school,unknown,no,no,cellular,nov,wed,289,3,999,0,nonexistent,-0.1,93.2,-42,4.12,5195.8
613,28,management,single,university.degree,no,yes,no,cellular,sep,tue,76,1,999,0,nonexistent,-3.4,92.379,-29.8,0.819,5017.5
614,50,admin.,married,high.school,no,no,yes,telephone,may,wed,49,1,999,0,nonexistent,1.1,93.994,-36.4,4.859,5191
615,45,admin.,single,basic.9y,no,yes,yes,cellular,apr,tue,119,2,999,1,failure,-1.8,93.075,-47.1,1.423,5099.1
616,30,admin.,married,high.school,no,yes,no,telephone,jun,tue,615,1,999,0,nonexistent,1.4,94.465,-41.8,4.864,5228.1
617,35,admin.,single,university.degree,no,yes,no,cellular,may,mon,8,5,999,0,nonexistent,-1.8,92.893,-46.2,1.299,5099.1
618,40,blue-collar,married,basic.9y,unknown,no,no,telephone,may,tue,59,1,999,0,nonexistent,1.1,93.994,-36.4,4.856,5191
619,39,admin.,married,high.school,no,yes,no,cellular,jul,thu,301,1,999,0,nonexistent,1.4,93.918,-42.7,4.963,5228.1
620,59,retired,married,university.degree,no,yes,no,cellular,aug,thu,17,18,999,0,nonexistent,1.4,93.444,-36.1,4.962,5228.1
621,42,management,divorced,unknown,no,no,no,cellular,aug,wed,251,2,15,2,failure,-2.9,92.201,-31.4,0.879,5076.2
622,30,admin.,single,high.school,no,yes,no,telephone,jul,tue,249,21,999,0,nonexistent,1.4,93.918,-42.7,4.961,5228.1
623,27,blue-collar,married,basic.9y,unknown,no,no,telephone,may,mon,322,1,999,0,nonexistent,1.1,93.994,-36.4,4.857,5191
624,34,admin.,married,professional.course,no,yes,yes,cellular,sep,tue,409,1,999,1,failure,-1.1,94.199,-37.5,0.877,4963.6
625,46,technician,married,professional.course,no,no,yes,cellular,aug,tue,166,2,999,0,nonexistent,1.4,93.444,-36.1,4.968,5228.1
626,28,student,single,basic.9y,unknown,yes,yes,telephone,may,wed,732,2,999,0,nonexistent,1.1,93.994,-36.4,4.856,5191
627,31,blue-collar,married,basic.9y,no,unknown,unknown,telephone,may,mon,163,2,999,0,nonexistent,1.1,93.994,-36.4,4.857,5191
628,46,blue-collar,married,basic.9y,no,yes,no,cellular,may,mon,410,1,999,0,nonexistent,-1.8,92.893,-46.2,1.244,5099.1
629,49,technician,married,professional.course,no,no,no,telephone,jun,thu,77,1,999,0,nonexistent,1.4,94.465,-41.8,4.961,5228.1
